#,Title,URL,Channel,Relevance
1,How To Install The 3M CLAW‚Ñ¢ Drywall Picture Hanger for Heavyweight Items,https://www.youtube.com/watch?v=gL7pI_JKfcE,3M,High - 3M Claw in title
2,3M Claw Drywall Picture Hangers Are the Smartest Way to Hang Pictures,https://www.youtube.com/watch?v=DCbDhkbB1xQ,Justin Reviews,High - 3M Claw in title
3,3M Claw vs. Drywall Anchor - Hanging Heavy Items on Drywall,https://www.youtube.com/watch?v=iZnXYuNieuc,Reluctant DIYers,High - 3M Claw in title
4,How to Use Claw Drywall Hangers | 3M Claw DIY Tutorial,https://www.youtube.com/watch?v=EnIJh6WcjTE,HomeServe,High - 3M Claw in title
5,3M‚Ñ¢ CLAW Drywall Picture Hanger Video 45 seconds,https://www.youtube.com/watch?v=hDxebMTfAo8,3M,High - 3M Claw in title
6,Easy DIY wall hangers // 3M CLAW‚Ñ¢ Drywall Picture Hanger,https://www.youtube.com/watch?v=xKfM10_83DA,DIY Creators,High - 3M Claw in title
7,3M Wallclaw,https://www.youtube.com/watch?v=3Ii0UGiRqO0,Go Build Stuff,High - 3M Claw in title
8,This could be the best picture hanging system ever! 3M Claw,https://www.youtube.com/watch?v=uYZA2PFk9yE,Proper DIY,High - 3M Claw in title
9,3M Claw Spot Marker - Does it Work?,https://www.youtube.com/watch?v=zBM3943UPSE,Reluctant DIYers,High - 3M Claw in title
10,Hanging Pictures Made Easy with the 3M Claw #diy #diytools #tools #homedecoration,https://www.youtube.com/watch?v=44xh9C1P-3I,Tough Guys DIY,High - 3M Claw in title
11,3M CLAW‚Ñ¢ Drywall Hooks,https://www.youtube.com/watch?v=xL98WJuWTE0,3M,High - 3M Claw in title
12,Installing 3M Claw drywall picture hanger #diy #shorts,https://www.youtube.com/watch?v=4M_hC9UIjcs,Man VS Housework,High - 3M Claw in title
13,3M CLAW Drywall Picture Hangers (3 Pack),https://www.youtube.com/watch?v=4hZt9IeAIys,limubearproductions,High - 3M Claw in title
14,3M CLAW‚Ñ¢ Heavy Weight Hanging Solution with Kiva,https://www.youtube.com/watch?v=jT07Bwi-Bis,3M,High - 3M Claw in title
15,How To Use CLAW Hooks‚Äî Hang 3M CLAW Hooks in a Straight Line,https://www.youtube.com/watch?v=YebVZRH5WWc,3M,High - 3M Claw in title
16,#Ad LRN2DIY tested out 3M CLAW‚Ñ¢ Hangers,https://www.youtube.com/watch?v=6TNn4-Qx7zI,3M,High - 3M Claw in title
17,3M CLAW‚Ñ¢ Heavy Weight Hanging Solution,https://www.youtube.com/watch?v=B6qphqiFMyU,3M,High - 3M Claw in title
18,3M CLAW‚Ñ¢ Drywall Hooks,https://www.youtube.com/watch?v=4VV_NRYMBl4,3M,High - 3M Claw in title
19,Can the 3M Claw Hold Heavy Items on Drywall?,https://www.youtube.com/watch?v=LoNGiq25ddI,Reluctant DIYers,High - 3M Claw in title
20,3M‚Ñ¢ CLAW Drywall Picture Hanger Video 15 seconds,https://www.youtube.com/watch?v=YFYCyfxlsdM,3M,High - 3M Claw in title
21,3M CLAW‚Ñ¢ Plasterboard and Drywall Picture Hanger - HERO English Video (POTY),https://www.youtube.com/watch?v=MEg2kZ3Zeqo,3M UK & Ireland,High - 3M Claw in title
22,"Best way to hang a picture? 3M CLAW 15, 25 and 45 lb. Drywall Picture Hanger Variety Pack",https://www.youtube.com/watch?v=9osBL0LDnsU,The Review Crew,High - 3M Claw in title
23,How To Install The 3M CLAW‚Ñ¢ Drywall Picture Hanger,https://www.youtube.com/watch?v=VaThmOH9oSs,Officeworks,High - 3M Claw in title
24,#ad Hanging our 60lb antique mirror with ease using 3M CLAW‚Ñ¢ Drywall Picture Hanger NO tools  needed,https://www.youtube.com/watch?v=9r8SWWZz8Gg,"XO, MaCenna",High - 3M Claw in title
25,Battle of the Wall Hangers! 3M Claw vs. 3M Command Strips vs. Basic Wall Anchors!,https://www.youtube.com/watch?v=4RJu41zSWbY,Revu2u,High - 3M Claw in title
26,The easiest way to hang things up!!! Love 3m Claw so much!!! #homedecor #homediy #eclectic,https://www.youtube.com/watch?v=p1HXJCNiY60,Mallory on the Moon,High - 3M Claw in title
27,Tim Cruise LOVES The 3M CLAW,https://www.youtube.com/watch?v=Lx2H-vEmxDY,Such Fun Gifts,High - 3M Claw in title
28,Tool Tips 3M Claw Holds up to 45 LBS TikTok #tooltips #lifehacks,https://www.youtube.com/watch?v=MNtOzq9I-Sw,You Can Do It,High - 3M Claw in title
29,"3M CLAW Drywall Picture Hanger with Temporary Spot Marker, Holds 15 lbs, 6 Hangers, 6 Markers/Pack",https://www.youtube.com/watch?v=gE_S9LeqpaQ,Happy Shop,High - 3M Claw in title
30,Can You Hammer the 3M Claw Into the Wall?,https://www.youtube.com/watch?v=KexjqfkOn0Y,Reluctant DIYers,High - 3M Claw in title
31,How to Hang a Photo Gallery Wall on drywall without anchors or studs with 3M Claw Hangers,https://www.youtube.com/watch?v=uzJVnQuMdNQ,Simply2Moms,High - 3M Claw in title
32,#ad the 3M‚Ñ¢ CLAW‚Ñ¢ Drywall Picture Hangers from @3MCorporate since it makes decorating much easier!,https://www.youtube.com/watch?v=PSbcjSwnodo,Loi Doan ,High - 3M Claw in title
33,3M CLAW‚Ñ¢ Plasterboard and Drywall Picture Hanger - Strength and Ease English Video,https://www.youtube.com/watch?v=_6n7sBQbuTQ,3M UK & Ireland,High - 3M Claw in title
34,3m Claw drywall anchors useless,https://www.youtube.com/watch?v=rXCD67bZBy4,3 Point Films,High - 3M Claw in title
35,#ad Welcome to the new entryway w/ 3M‚Ñ¢ CLAW‚Ñ¢ Drywall Picture Hangers,https://www.youtube.com/watch?v=dCNmZO6K2iw,Tina Le,High - 3M Claw in title
36,The 3M claw is perfect for hanging up decor! #homedecor #homeimprovement #homefurnishings #decor,https://www.youtube.com/watch?v=l3iDxpLDhmM,Johna Kimara,High - 3M Claw in title
37,3M Claw Heavyweight Drywall Picture Hanger,https://www.youtube.com/watch?v=iYkwumvD5Ws,The Motley Guy,High - 3M Claw in title
38,3M CLAW‚Ñ¢ Heavy Weight Hanging Solution,https://www.youtube.com/watch?v=sI039-4-zAk,3M,High - 3M Claw in title
39,Hang Heavy Items in Seconds with the 3M‚Ñ¢ CLAW Drywall Picture Hanger,https://www.youtube.com/watch?v=Cm0WwlnVPD4,Americhem International,High - 3M Claw in title
40,Wall Mounting With The Claw,https://www.youtube.com/watch?v=mwV2SomT6X0&pp=ygUQM00gQ2xhdyB1bmJveGluZw%3D%3D,Shoalhaven Sparklies,Medium - Claw + wall mounting context
41,Picture Hanging Hack ‚Äì Hanging Pictures Level,https://www.youtube.com/watch?v=sSUtjpY9gaE,3M,RESCUED - From '3M Claw' search with relevant hanging context
42,Best Way To Hang Heavy Things on Drywall. 3M Drywall Anchor Review.,https://www.youtube.com/watch?v=fdclF_hOUHk,Try This DIY,RESCUED - From '3M Claw' search with relevant hanging context
43,How to Use 3M Command Strips & hang Pictures on your walls without Damage (Instructions),https://www.youtube.com/watch?v=-7969X2nffo,Littleguy Big Reviews,RESCUED - From '3M Claw' search with relevant hanging context
44,Unwrapping of 3M Command Sawtooth Picture Hanger from 3M Official Store,https://www.youtube.com/watch?v=GZya583I1nc,Ayos ba?,RESCUED - From '3M Claw' search with relevant hanging context
45,Remove 3M hooks without damage,https://www.youtube.com/watch?v=jGK6Mw7o67o,Billshowto,RESCUED - From '3M Claw' search with relevant hanging context
46,3M Double Sided Tape Unboxing & Review | No Nails No Hammer Rental Friendly Wall Hanging Decoration,https://www.youtube.com/watch?v=ug1S0Yu0GbU&pp=ygUQM00gQ2xhdyB1bmJveGluZ9IHCQkDCgGHKiGM7w%3D%3D,Insha‚Äôs Igloo - HuffyZeen,RESCUED - From '3M Claw' search with relevant hanging context
47,"üñºÔ∏è 3M CLAW 15, 25 and 45 lb. Drywall Picture Hanger | Best 3M Claw Drywall Picture Hangers üñºÔ∏è",https://www.youtube.com/watch?v=gfULFCQmkOY,The Product Critiques,
48,3M CLAW‚Ñ¢ Plasterboard and Drywall Picture Hanger - Strength and Ease English Video (POTY),https://www.youtube.com/watch?v=qCH9ZHAeLiI,Unknown,High - 3M Claw in title
49,3M CLAW‚Ñ¢ Crochet pour plaque de pl√¢tre - Hero - Vid√©o en fran√ßais,https://www.youtube.com/watch?v=itKtTgLcW-k,,High - 3M Claw in title
50,3M CLAW‚Ñ¢ Crochet pour plaque de pl√¢tre - R√©sistant et fiable - Vid√©o en fran√ßais,https://www.youtube.com/watch?v=cAI_f8f_3IU,,High - 3M Claw in title
51,Hang your upcycled mirrors with ease using toothpaste and 3 M Claw Drywall Hangers. #3MClawhangers,https://www.youtube.com/watch?v=xyWzDHvz6Uk,,High - 3M Claw in title
52,How to Give Your Home a Coastal Feel ft. Zoe Gilpin | Command‚Ñ¢ Products & 3M‚Ñ¢ CLAW‚Ñ¢,https://www.youtube.com/watch?v=JcQUnpI5fG0,,High - 3M Claw in title
53,3M claw drywall hanger try out,https://www.youtube.com/watch?v=jKl9_iZV7dA,,High - 3M Claw in title
