id,updated,rating,version,author,title,content,vote_count
13388136910,2025-11-12T02:26:44-07:00,5,406.0.0,Onikanhun,Mr,Sweet,0
13388084795,2025-11-12T02:06:12-07:00,2,406.0.0,Nuts4hotwheels,New updated format change?!?,"I love this app but why on earth would you move the messages, explore page and reels around. It has completely messed up the flow of the app, it makes no sense. Now I find myself not noticing when I have messages and when I do try to message someone I swipe out of muscle memory and end up in reelsâ€¦the apps format was perfect and now itâ€™s just odd.",0
13387990909,2025-11-12T01:27:35-07:00,2,406.0.0,babywaccem.,Minor Issues.,right so basically i had an account for 2 years. i had 1.2k followers. i recently got banned for NO REASON. everytime i make a new account it keeps banning me not even letting me get up to 100 followers. instagram do better.,0
13387988583,2025-11-12T01:26:36-07:00,1,406.0.0,djfnwox grdkcebdjdb,ONE STAR FOR NEW UPDATE,I HATE THIS NEW UPDATE,0
13387946042,2025-11-12T01:08:39-07:00,5,406.0.0,bs_meo,ØªÙ… ØªÙ‚ÙŠÙŠØ¯ Ø­Ø³Ø§Ø¨Ùƒ,Ù„Ù‚Ø¯ Ù‚Ø§Ù…Øª Ø§Ù„Ø´Ø±ÙƒØ© Ø¨ØªÙ‚ÙŠÙŠØ¯ Ø­Ø³Ø§Ø¨ÙŠ ÙˆÙ„Ø§ Ø§Ø¹Ø±Ù Ø§Ù„Ø³Ø¨Ø¨ Ø³ÙˆÙ‰ Ø§Ù† Ù‡Ù†Ø§Ùƒ Ø´Ø®Øµ Ø§Ø¹Ø±ÙÙ‡ ÙŠÙƒØ±Ù‡Ù†ÙŠ ÙˆÙ‚Ø§Ù… Ø¨Ø§Ù„Ø§Ø¨Ù„Ø§Øº Ø¹Ù† Ø­Ø³Ø§Ø¨ÙŠ ÙˆØªÙ… Ø§ØºÙ„Ø§Ù‚Ù‡ !! Ø§ØªÙ…Ù†Ù‰ Ù…Ù† Ø§Ù„Ø´Ø±ÙƒØ© Ù…Ø±Ø§Ø¬Ø¹Ø© Ù‚Ø±Ø§Ø±Ù‡Ø§ ÙˆØ§Ø°Ø§ Ù„Ù… ÙŠØ±Ø¬Ø¹ Ø­Ø³Ø§Ø¨ÙŠ Ø³ÙˆÙ Ø£Ù‚ÙˆÙ… Ø¨Ù…Ø³Ø­ Ø§Ù„Ø¥Ù†Ø³ØªÙ‚Ø±Ø§Ù… Ù†Ù‡Ø§Ø¦ÙŠØ§Ù‹ Ù„Ø§Ù† Ù‡Ø°Ø§ Ø´ÙŠ Ù…Ø­Ø²Ù† Ù‡Ùˆ ØºÙ„Ù‚ Ø­Ø³Ø§Ø¨ÙŠ Ø§Ù„Ù…ÙˆØ«ÙˆÙ‚ Ø¨Ø¸Ù… ! Ø§Ø³Ù… Ø­Ø³Ø§Ø¨ÙŠ Ù‡Ùˆ(_92j7),0
13387891839,2025-11-12T00:45:21-07:00,1,406.0.0,Annalie Moreno,Very buggy,So buggy..,0
13387856211,2025-11-12T00:29:51-07:00,1,406.0.0,Big Ol Big Nic,FIX THE UI,STOP GIVING US THINGS NOBODY ASKED FOR,0
13387855298,2025-11-12T00:29:26-07:00,3,406.0.0,Lady she she,We see nothing,Tamar get on my on my nerves,0
13387850655,2025-11-12T00:27:23-07:00,1,406.0.0,Ğ³Ğ¾Ñ€ÑŒĞºĞ¾ÑÑ‚Ğ½Ğ¾,Ğ¸Ğ½Ñ‚ĞµÑ€Ñ„ĞµĞ¹Ñ,"Ğ°Ğ±ÑĞ¾Ğ»ÑÑ‚Ğ½Ğ¾ Ğ½Ğµ Ğ¿Ğ¾Ğ½Ğ¸Ğ¼Ğ°Ñ ÑĞ¼Ñ‹ÑĞ»Ğ° ÑĞ¼ĞµĞ½Ñ‹ Ğ¿Ñ€Ğ¸Ğ²Ñ‹Ñ‡Ğ½Ğ¾Ğ³Ğ¾ Ğ¸Ğ½Ñ‚ĞµÑ€Ñ„ĞµĞ¹ÑĞ° , ĞºĞ¾Ñ‚Ğ¾Ñ€Ñ‹Ğ¹ Ñ Ğ½Ğµ Ğ¼Ğ¾Ğ³Ñƒ Ğ¿Ğ¾Ğ¼ĞµĞ½ÑÑ‚ÑŒ Ğ½Ğ° ÑÑ‚Ğ°Ñ€Ñ‹Ğ¹. Ğ¿Ğ¾Ñ‡ĞµĞ¼Ñƒ Ğ² ÑÑ‚Ğ°Ñ‚Ğ¸ÑÑ‚Ğ¸ĞºĞµ ÑƒĞ±Ñ€Ğ°Ğ»Ğ¸ Ğ²Ğ¾Ğ·Ğ¼Ğ¾Ğ¶Ğ½Ğ¾ÑÑ‚ÑŒ ÑĞ¼Ğ¾Ñ‚Ñ€ĞµÑ‚ÑŒ ÑĞºĞ¾Ğ»ÑŒĞºĞ¾ Ñ‡ĞµĞ»Ğ¾Ğ²ĞµĞº Ğ¸Ğ· Ñ‡Ğ¸ÑĞ»Ğ° Ğ½Ğµ Ğ¿Ğ¾Ğ´Ğ¿Ğ¸ÑÑ‡Ğ¸ĞºĞ¾Ğ² Ğ¿Ñ€Ğ¾ÑĞ¼Ğ¾Ñ‚Ñ€ĞµĞ»Ğ¸ Ğ·Ğ°Ğ¿Ğ¸ÑÑŒ, ĞµÑÑ‚ÑŒ Ñ‚Ğ¾Ğ»ÑŒĞºĞ¾ Ğ¿Ğ¾ Ğ²Ğ·Ğ°Ğ¸Ğ¼Ğ¾Ğ´ĞµĞ¹ÑÑ‚Ğ²Ğ¸ÑĞ¼. ÑÑ‚Ğ° Ğ½Ğ¾Ğ²Ğ°Ñ Ğ¿Ğ°Ğ½ĞµĞ»ÑŒ ÑĞ½Ğ¸Ğ·Ñƒ Ğ½ĞµÑƒĞ´Ğ¾Ğ±Ğ½Ğ°Ñ Ğ¾Ñ‚ ÑĞ»Ğ¾Ğ²Ğ° ÑĞ¾Ğ²ÑĞµĞ¼. Ğ¸ Ğ¿Ğ¾Ñ‡ĞµĞ¼Ñƒ Ğ½Ğ° Ğ²Ñ‚Ğ¾Ñ€Ğ¾Ğ¼ Ğ°ĞºĞºĞ°ÑƒĞ½Ñ‚Ğµ Ğ¾ÑÑ‚Ğ°Ğ»ÑÑ ÑÑ‚Ğ°Ñ€Ñ‹Ğ¹ Ğ¸Ğ½Ñ‚ĞµÑ€Ñ„ĞµĞ¹Ñ Ğ¼Ğ½Ğµ Ñ‚Ğ¾Ğ¶Ğµ Ğ½ĞµĞ¿Ğ¾Ğ½ÑÑ‚Ğ½Ğ¾",0
13387845864,2025-11-12T00:25:17-07:00,1,406.0.0,User3649,New layout,"New update is cool but the way the app changed the layout of messages and reels placement is the worst. So uncomfortable and unpleasant, very confusing. PLEASE CHANGE IT BACK. Iâ€™m really disappointed",0
13387820779,2025-11-12T00:14:26-07:00,1,406.0.0,Phoebeluv24,False accusations and wrongful suspensions,"Never using instagram again as long as itâ€™s being run by ai moderators, thereâ€™s no freedom of speech they are wrongfully taking accounts down with no warnings.. they need to do better.",0
13387802167,2025-11-12T00:06:21-07:00,5,406.0.0,pierceavalon,thereâ€™s something wrong with the app,help,0
13387789329,2025-11-12T00:00:48-07:00,2,406.0.0,yoogslvr,reposting issue,"so, this isnâ€™t about reposting my photos or videos, but reposting other peopleâ€™s videos using the new repost button. after i repost the video, instagram zooms it in and tries to make it into the 9:16 look, and it looks really ugly. i want instagram to fix this because itâ€™s bothering me a LOT and i want my reposts to look good, heh.",0
13387608080,2025-11-11T22:39:21-07:00,5,406.0.0,Fodbdmm Iâ€™m djdn,Suspended for no reason,"Instagram is a good app but it will suspend your account for no reason I havenâ€™t been on instagram and I just opened it and it says Iâ€™m suspended and come back within 48 hours. My ig is Yoofavdarkskinn_ and 5ivestar.chinaa , I have notice others writing reviews about the same situation Iâ€™m in but it wonâ€™t show them so you have to change the most helpful to critical comments on",0
13387599370,2025-11-11T22:35:23-07:00,3,406.0.0,Ttiosfg kayla,Instagram story,"Itâ€™s funny how I still canâ€™t add videos to my story, not videos from my gallery, but the videos that I like will unlike itself and then I just canâ€™t post it on my story thank you very much for the update when it does literally nothing to help me",0
13387597600,2025-11-11T22:34:32-07:00,1,406.0.0,Npc123 holds,Slow Log In,Iâ€™d give it 0 stars if I could. I tried making a new account which shouldnâ€™t be too hard because it was a new email and a new username AFTER they banned my accounts and it took forever and even to right now I still am not able to log in because my passwords are apparently wrong and the codes thatâ€™s theyâ€™re sending arenâ€™t even working,0
13387595374,2025-11-11T22:33:29-07:00,1,406.0.0,Jaspamoon,Took all 9 of my RP accounts,"And you let someone steal my OC Sebastian Rainbows name you let porn bots and bullies skate by I do nothing wrong and I get suspended then deactivated right after for no reason. Thatâ€™s really messed up how you ok that if Iâ€™m not breaking TOS on any of my accounts i should be LEFT alone you need to worry about these porn bots, thieves and bullies that you let free not people that arenâ€™t doing anything wrong",0
13387589749,2025-11-11T22:30:58-07:00,1,406.0.0,Aceves.1989,New update RUINED the app,The new update has set up the app so that you ACCIDENTALLY go on reels now. Itâ€™s so bad. It makes the app super frustrating to use. This needs to be fixed. I hate the app now.,0
13387534758,2025-11-11T22:05:43-07:00,1,406.0.0,Sisbear1411,Protect your peace ğŸ•Šï¸,"This app should be discontinued; Tossed away like rancid meat. Itâ€™s making us sick, but we canâ€™t quit it. Donâ€™t download this app.",0
13387524247,2025-11-11T22:00:51-07:00,3,406.0.0,tocutetobehiden,Update,"I love instagram down, but this new update is just horrible. Location screen is practically forcing you to share your location, you go on your page and itâ€™s a character just sitting there if you have nothing posted, and then they just moved everything around. I would love for it to go back to how it was all of this is unnecessary.",0
13387521923,2025-11-11T21:59:45-07:00,1,406.0.0,_rashe11hn,Bloqueo,"Ya no me estÃ¡ gustando muchooo!!!! Porque acada rato de andan bloqueando, eso ya cae mal!!!",0
13387519195,2025-11-11T21:58:29-07:00,5,406.0.0,Xth2026,Awesome,Awesome,0
13387497540,2025-11-11T21:48:19-07:00,5,406.0.0,Brooke. Star,Brooke star,I just love. Istergram.  I would say best. Thing ever,0
13387491288,2025-11-11T21:45:30-07:00,1,406.0.0,moneypurple12,Need my account back,I canâ€™t make a new account they deleted my account for no reason Iâ€™ve tried making a new one but every time I do they delete it.,0
13387478616,2025-11-11T21:39:37-07:00,1,406.0.0,HS11122,New version,Donâ€™t like the new update so frustrating,0
13387453337,2025-11-11T21:27:47-07:00,1,406.0.0,Ğ”Ğ°Ñ€Ñ‚ĞŸĞ°Ğ¿Ğ°,ĞŸÑ€Ğ¾Ğ±Ğ»ĞµĞ¼Ğ° Ñ‚ĞµÑ…Ğ¿Ğ¾Ğ´Ğ´ĞµÑ€Ğ¶ĞºĞ¸,"ĞĞºĞºĞ°ÑƒĞ½Ñ‚ Ğ´Ğ¾Ñ‡ĞµÑ€Ğ¸ Ğ±Ñ‹Ğ» Ğ²Ğ·Ğ»Ğ¾Ğ¼Ğ°Ğ½ Ğ¸ Ğ½Ğ° Ğ½ĞµĞ¼ Ğ±Ñ‹Ğ» Ğ¾Ğ¿ÑƒĞ±Ğ»Ğ¸ĞºĞ¾Ğ²Ğ°Ğ½ ĞºĞ°ĞºĞ¾Ğ¹-Ñ‚Ğ¾ Ğ·Ğ°Ğ¿Ñ€ĞµÑ‰ĞµĞ½Ğ½Ñ‹Ğ¹ ĞºĞ¾Ğ½Ñ‚ĞµĞ½Ñ‚, Ğ² ÑĞ»ĞµĞ´ÑÑ‚Ğ²Ğ¸Ğ¸ Ñ‡ĞµĞ³Ğ¾ ĞµĞµ Ğ°ĞºĞºĞ°ÑƒĞ½Ñ‚ Ğ¸ Ğ°ĞºĞºĞ°ÑƒĞ½Ñ‚ ÑÑƒĞ¿Ñ€ÑƒĞ³Ğ¸ Ğ±Ñ‹Ğ»Ğ¸ Ğ·Ğ°Ğ±Ğ»Ğ¾ĞºĞ¸Ñ€Ğ¾Ğ²Ğ°Ğ½Ñ‹ Ğ±ĞµĞ· Ğ²Ğ¾Ğ·Ğ¼Ğ¾Ğ¶Ğ½Ğ¾ÑÑ‚Ğ¸ ĞºĞ°Ğº Ğ»Ğ¸Ğ±Ğ¾ Ğ¿Ğ¾Ğ²Ğ»Ğ¸ÑÑ‚ÑŒ Ğ½Ğ° ÑĞ¸Ñ‚ÑƒĞ°Ñ†Ğ¸Ñ!! Ğ’ÑĞµ Ñ€ĞµĞºĞ¾Ğ¼ĞµĞ½Ğ´Ğ°Ñ†Ğ¸Ğ¸ Ñ‚ĞµÑ…Ğ¿Ğ¾Ğ´Ğ´ĞµÑ€Ğ¶ĞºĞ¸ Ğ¾Ğ±Ğ¾Ñ€Ğ°Ñ‡Ğ¸Ğ²Ğ°Ğ»Ğ¸ÑÑŒ Ñ…Ğ¾Ğ¶Ğ´ĞµĞ½Ğ¸ĞµĞ¼ Ğ¿Ğ¾ ĞºÑ€ÑƒĞ³Ñƒ- Ğ¿Ñ€Ğ¸Ğ»Ğ¾Ğ¶ĞµĞ½Ğ¸Ğµ Ğ½Ğµ Ğ¸Ğ¼ĞµĞµÑ‚ Ğ¿Ñ€ÑĞ¼Ğ¾Ğ¹ Ğ¾Ğ±Ñ€Ğ°Ñ‚Ğ½Ğ¾Ğ¹ ÑĞ²ÑĞ·Ğ¸!!! ĞŸĞ¸ÑÑŒĞ¼Ğ¾ Ğ¾ ÑĞ¼ĞµĞ½Ğµ Ğ¿Ğ°Ñ€Ğ¾Ğ»Ñ Ğ² Ğ°ĞºĞºĞ°ÑƒĞ½Ñ‚Ğµ Ğ±Ñ‹Ğ»Ğ¾ Ğ¼Ğ°ĞºÑĞ¸Ğ¼Ğ°Ğ»ÑŒĞ½Ñ‹Ğ¼ Ğ²Ğ°Ñ€Ğ¸Ğ°Ğ½Ñ‚Ğ¾Ğ¼ Ğ¿Ğ¾Ğ¼Ğ¾Ñ‰Ğ¸ Ğ¾Ñ‚ Ğ˜Ğ½ÑÑ‚Ğ°Ğ³Ñ€Ğ°Ğ¼! Ğ˜ Ğ½Ğ¸ĞºĞ°ĞºĞ¸Ñ… Ğ´Ğ°Ğ»ÑŒĞ½ĞµĞ¹ÑˆĞ¸Ñ… Ğ´ĞµĞ¹ÑÑ‚Ğ²Ğ¸Ğ¹ Ğ¸ Ğ²Ğ¾Ğ·Ğ¼Ğ¾Ğ¶Ğ½Ğ¾ÑÑ‚ĞµĞ¹ ĞºĞ°Ğº Ğ»Ğ¸Ğ±Ğ¾ Ğ¿Ğ¾Ğ²Ğ»Ğ¸ÑÑ‚ÑŒ Ğ½Ğ° ÑĞ¸Ñ‚ÑƒĞ°Ñ†Ğ¸Ñ!!",0
13387441758,2025-11-11T21:22:23-07:00,1,406.0.0,__prettyyunknow,Review fr,"Do NOT Download Instagram â€” The Worst App Ever

Iâ€™m writing this review to warn people not to download Instagram. It used to be one of my favorite apps, but now itâ€™s honestly the worst. Instagram wrongfully suspended my account even though I did nothing wrong and always followed their community guidelines.

I had so many precious memories saved on there â€” pictures and videos of my great-grandmother who passed away, and moments that truly meant something to me. Losing access to all of that feels heartbreaking. What makes it worse is that this isnâ€™t even the first time theyâ€™ve done this to me. The last time it happened, they reviewed it and realized they made a mistake. They gave my account back, so why would they do it again when Iâ€™ve continued to follow every rule?

Instagram doesnâ€™t seem to care about its users or the memories people have stored on their accounts. Their system is unfair, and their support team is impossible to reach when you need real help. Instead of protecting honest users, they suspend accounts without explanation.

If you value your memories, your time, and your peace of mind â€” do not download Instagram. They can take away everything youâ€™ve built in an instant for no reason at all.

â€” A very disappointed and heartbroken user",0
13387427612,2025-11-11T21:15:42-07:00,2,406.0.0,10KBENNY,unreasonable suspensions,They keep suspending me without telling me why they suspended me they should at least have a 1 more warning to renewğŸ¤¦ğŸ½â€â™€ï¸,0
13387421246,2025-11-11T21:12:46-07:00,1,406.0.0,blzft,Fyp layout,Really disliking the new for you page layout,0
13387396685,2025-11-11T21:01:28-07:00,1,406.0.0,idkkktbhhhhh,Banned,I got banned for no reason at all please be more careful on the people that youâ€™re banning and start focusing on the people that you SHOULD be banning this is absolutely ridiculous and they need to fix it immediately,0
13387377927,2025-11-11T20:52:56-07:00,1,406.0.0,theonlyandy,App is disabled on my phone but i can log into my account through other phones or the web.,"Itâ€™s been 2 weeks since i canâ€™t get in my account through my phone.Everytime i put my password which is correct,it says â€œtry again laterâ€ or â€œincorrect passwordâ€.Ive been able to log into my account on the web sush as google and my friends phone but for some reason not on MY phone.Please help i just want for my app to work again.",0
13387377229,2025-11-11T20:52:37-07:00,1,406.0.0,cristopher_20,Banned,Got banned for no reason.,0
13387328034,2025-11-11T20:30:22-07:00,5,406.0.0,Queen Lojo,Marketing,Instagram is the best,0
13387311412,2025-11-11T20:22:42-07:00,1,406.0.0,death2theIDF,Awful dm change,"they changed it so instead of swiping once to the right to access dmâ€™s, you have to swipe TWICE, due to the first one taking you to the reels section first. this is obviously trying to take advantage of muscle memory to get you hooked for longer. i expect nothing less from the real life supervillain zuck",0
13387306988,2025-11-11T20:20:41-07:00,5,406.0.0,PGFBeato,Great app,Hondas ğŸ¤¤,0
13387292692,2025-11-11T20:14:10-07:00,1,406.0.0,isidhjeuwjwbdjldkehd,App design,"Will you guys ever stop changing be design of Insta? Whoâ€™s ever idea this was, needs to get fired because this is terrible. Why do I have to swipe 3 times to get to my messages ?? You are not TikTok , change the design back, no body wants this.",0
13387292269,2025-11-11T20:13:59-07:00,5,406.0.0,BigMoneyMikey,So Gar so Good!!,On Lineâ€¦,0
13387278491,2025-11-11T20:07:44-07:00,1,406.0.0,Lainy bob,Instagram has a bot problem,I can neither report nor say that Iâ€™m not intrested in these bots videos and comments also  they often times are either brain rot or raigbait. Cesspool of an app,0
13387271008,2025-11-11T20:04:24-07:00,1,406.0.0,Anonymously 677,My opinion on the new filters,Instagram please bring back the original filters for stories. The new ones right now are ugly and not it.,0
13387253736,2025-11-11T19:56:54-07:00,5,406.0.0,Alexasende,Everything is good,Everything Is good,0
13387239444,2025-11-11T19:50:48-07:00,1,406.0.0,Cierre de cuentas,Cuentas,Me cierran todas las cuentas asÃ­ de la nada muy mala aplicaciÃ³n ğŸ¤®,0
13387205084,2025-11-11T19:36:10-07:00,1,406.0.0,Belzzesdl,horrible update,"the new update is terrible. I dont understand why insta has to change the UI randomly and for no reason. itâ€™s annoying to have to reorient where everything is in my brain, and itâ€™s pointless and makes no sense. change it back",0
13387204029,2025-11-11T19:35:43-07:00,1,406.0.0,Rokauu.u,Bad,"â€œI really want the old update back, the new one is awful!â€

Ø£Ùˆ Ø¨Ø·Ø±ÙŠÙ‚Ø© Ø£Ù„Ø·Ù",0
13387201639,2025-11-11T19:34:41-07:00,3,406.0.0,Esmeralda ğŸ‡®ğŸ‡¹,Pleaseeee,I canâ€™t repost reels or Photos only my secondary account ğŸ˜­ğŸ˜­ğŸ˜­ğŸ˜­ğŸ˜­,0
13387199591,2025-11-11T19:33:50-07:00,5,406.0.0,Bo ls ğŸ¥°ğŸ¥°ğŸ¥°,ğŸ‘ğŸ«¡,ğŸ‘ğŸ«¡esta chida la aplicaciÃ³n,0
13387176288,2025-11-11T19:24:10-07:00,5,406.0.0,Dynatate,It would not let me sign in,0-10,0
13387170294,2025-11-11T19:21:43-07:00,1,406.0.0,InstagramsIssue,Myself,"the whole "" needs 1000 followers to go live "" is a trash update please !!",0
13387114649,2025-11-11T18:58:47-07:00,5,406.0.0,CamiiğŸ”,Nice app!!,very nice very cool i love it sm ğŸ˜™ğŸ˜™,0
13387100397,2025-11-11T18:52:56-07:00,1,406.0.0,Abc111213,Another horrendous update,"I really donâ€™t want or need to be able to swipe between my feed, reels, dms, search, and profile. Nobody asked for this. It was fine the way it was.",0
13387064671,2025-11-11T18:38:39-07:00,1,406.0.0,bro-dadson Rex,Let us have more privacy options from the app instead having to access those options from pc,I don't want your AI reading my DMs and you can not turn that option off from your phone. Please fix that,0
13387062614,2025-11-11T18:37:50-07:00,3,406.0.0,mareflower,New update,"I never write reviews, but felt like this one was important. Ever since the new Instagram update I feel like it is not as simple to navigate the app as it once was. Of course thereâ€™s always a period of time We are learning to adjust to a large new update. However, I feel like this one doesnâ€™t flow well.. It just isnâ€™t clicking.",0
13387060496,2025-11-11T18:37:00-07:00,1,406.0.0,Shah f be sh,All consumed by ads,"This app is absolute garbage now, the sheer amount of ads is genuinely disgusting. 2 ads every video just does not make any sense. DO BETTER!",0
13387054288,2025-11-11T18:34:37-07:00,1,406.0.0,noeszn,Unnecessary Updates,The new layout is very annoying and not needed!! Instagram keeps adding features that are not necessary and makes it more of a hassle. I do not want to have to swipe 3 times to get to my messages.,0
13387042659,2025-11-11T18:30:01-07:00,5,406.0.0,Bee-Rice,LOVE THE FREE SPEECH,Keep up the free speech!,0
13387037993,2025-11-11T18:28:10-07:00,5,406.0.0,justice23iceyhot,Great app,I love instagram itâ€™s one of the best apps Iâ€™ve used and it helps me promote and grow my brand and content,0
13387019925,2025-11-11T18:21:10-07:00,5,406.0.0,QUE$E,Wrongful account suspension,I love instagram but My account @1613quese was suspended due to child exploitation and i never ever posted or received anything exploiting a child i am a recording engineer and a producer and i now have lost all my clients due to this like can somebody please help me ?  And even my deceased friends follow me on that account which we all know they can never follow me again on a new account somebody please help me with this â€¦  im extremely overwhelmed,0
13386967029,2025-11-11T18:00:38-07:00,3,406.0.0,yahsein123!$,Disabled,Disabled my account for no reason,0
13386953415,2025-11-11T17:55:18-07:00,4,406.0.0,YeahEL1,"Great way to connect with friends, but could be  improved!",This app is a fun and creative way to share photos and reels with your friends and to connect with other social media creators. Ways it could be improved: The color display is trippy and not color blind user friendly. Perhaps the text threads could be one color instead of fading/blending colors?,0
13386926542,2025-11-11T17:44:52-07:00,5,406.0.0,pedrini9,The best,Best platform ever!,0
13386914473,2025-11-11T17:40:13-07:00,5,406.0.0,tarafying_,Favorite social app,What a great app! Incredible for my mental health,0
13386908391,2025-11-11T17:37:52-07:00,1,406.0.0,Niya.4x,Terrible decision,They made a new update and I think it is the worst decision they ever made,0
13386884790,2025-11-11T17:28:45-07:00,1,406.0.0,stfupuckass,donâ€™t ever get this,it deleted my acc for nun,0
13386869334,2025-11-11T17:22:45-07:00,4,406.0.0,c gc jxhxci,promts please.,such a good app js please for the life of me BRING BACK THE NOTE PROMTS IT ACTUALLY CURES BOREDOM ğŸ¥€,0
13386845358,2025-11-11T17:13:36-07:00,1,406.0.0,noonie â€˜,login errors,"Logs me out of my account, keep taking it, and when I log back in it keep saying error or it says ok and donâ€™t allow me to get into my account , no matter how many verification codes I get it still doesnâ€™t work and keep saying error this is dumb and need to be fixed.",0
13386842341,2025-11-11T17:12:24-07:00,5,406.0.0,@Quicorafa,No longer censoring âœï¸ğŸ™ŒğŸ½,As of today on Veterans Day 2026 ğŸ‡ºğŸ‡¸ Instagram is no longer censoring my campaign @rao23fl ğŸ—½,0
13386826021,2025-11-11T17:06:09-07:00,1,406.0.0,Sava Kharmysheva,Social media is addictive,Title says it all,0
13386805582,2025-11-11T16:58:19-07:00,1,406.0.0,Alanso22,Se parece a otra red social?,"Antes habÃ­a la opciÃ³n de ver mÃ¡s contenido en una sola pantalla, ahora no puedo ver lo que yo quiero, me obligan a ver lo que ellos quieren mostrarme.

Me disgusta la nueva actualizaciÃ³n que saliÃ³ para el mes de noviembre 2025.",0
13386804795,2025-11-11T16:58:00-07:00,1,406.0.0,fk_0789,Give me my account back,They deleted my acc for no reason give it back now.,0
13386790678,2025-11-11T16:52:31-07:00,2,406.0.0,App Store come out,Apply sir,Hey,0
13386773615,2025-11-11T16:45:55-07:00,1,406.0.0,blahhdgv,Bring back the old update,"The new layout is terrible, who ever approved of this update needs to be fired immediately",0
13386747774,2025-11-11T16:35:51-07:00,3,406.0.0,not vain,Be nice to see it more user friendly.,You canâ€™t edit pics on a post. You canâ€™t post multiple pics of different sizes. I use it because most young people prefer it and so to keep in touch I post in two places. Too many things you canâ€™t do like you can in Facebook.  Sorry.,0
13386738095,2025-11-11T16:32:03-07:00,5,406.0.0,Courageous Cesar,One of my favorites,While Instagram changes all the time it still remains one of my go to social media platforms. As an artist I find a lot of inspiration and ideas on here.,0
13386736213,2025-11-11T16:31:19-07:00,5,406.0.0,txdoe,Mrs Doe,"I feel it. Something good is coming in my life. God bless. Be still
My heart. Amen",0
13386674120,2025-11-11T16:07:21-07:00,1,406.0.0,Paula_V3012,PLS GIVE ME A RPOST BUTTON,i donâ€™t have my repost buttonğŸ’”ğŸ’”,0
13386671403,2025-11-11T16:06:15-07:00,5,406.0.0,ğŸ‘‘King Noble,Unblock account,"Please, I want all my accounts to be unlock and be safe. ğŸ™",0
13386662727,2025-11-11T16:02:54-07:00,1,406.0.0,Olsanty,Mi cuenta,"Como es posible que me inhabiliten mi cuenta de la nada  cuando no he infringido sus leyes, me parece injusto y espero mejoren eso ! Muy buena red social pero hacer lo que me hicieron a mi cuenta es inaceptable",0
13386652896,2025-11-11T15:59:05-07:00,4,406.0.0,Tapastime,Updates,"Whenever I update my app, I dont get the cool updates like my friends. My friends can draw and repost videos but my account cannot. When I had a spam account, I could repost but the actions arenâ€™t available on my account. I dont know how to get the updates",0
13386611735,2025-11-11T15:42:41-07:00,1,406.0.0,arrozzconpollo11,The new navigation is trash,The new swipe navigation is trash. The face we have to swipe through reels just to get to our messages is one of the worst changes yall have made. We already had an easy way to access reels and an easy way to access messages and you made both more difficult to access.,0
13386607310,2025-11-11T15:40:55-07:00,1,406.0.0,rickykingdeath,Smh,Bro what the heck I think instagram deleting my account for no reason at all,0
13386602109,2025-11-11T15:38:51-07:00,1,406.0.0,ğŸ†azel,Donâ€™t get this app,"I have tried to report this problem on Instagram but it simply will not send. This is very disappointing coming from a multi million dollar company. I created a personal Instagram account for my family and friends. This account got suspended for ""child porn"" which is a false accusation. Not only am I offended but I am upset, this is very unprofessional. All the content I posted on that account went to waste simply due to your ignorance. This is not my only problem. On top of that every account I create continuously gets suspended for no apparent reason.",0
13386598304,2025-11-11T15:37:20-07:00,1,406.0.0,Austin/amunney,Fix your app,Every time I make a instagram account yall keep banning me I atleast made 20-37 accounts,0
13386590138,2025-11-11T15:34:07-07:00,5,406.0.0,Active runs,Excellent,Excellent,0
13386583633,2025-11-11T15:31:37-07:00,2,406.0.0,EmojiğŸ˜œğŸ˜ğŸ˜‘ğŸ˜ ğŸ˜›ğŸ¤“,horrible,"Reports donâ€™t work for anything (keep that in mind) 
There is so much illegal stuff going on in this app and meta just doesnâ€™t care. From cp to hard drugs, you can find anything on instagram ! Instagram shouldâ€™ve been banned over tiktok.  Not to mention the RIDICULOUS amount of ads and sponsorships.",0
13386578913,2025-11-11T15:29:46-07:00,3,406.0.0,Able ghod,I need my account to be strong,I want my account to be strong,0
13386578444,2025-11-11T15:29:35-07:00,1,406.0.0,Theinfamazz,New UI layout is awful,Why would they change something that was working and instinctive to the new UI? Specifically moving the DMs from the top to the bottom. Making you have to click to delete etc versus swipe.,0
13386571093,2025-11-11T15:26:42-07:00,1,406.0.0,Luis4232_,Updates,How are you going to give the option for updates then do it on your own anyways ğŸš®ğŸš®ğŸš®,0
13386568716,2025-11-11T15:25:46-07:00,1,406.0.0,young_hefnerrrre,Interface,Give me back old interface. Im not in tiktok,0
13386563153,2025-11-11T15:23:36-07:00,1,406.0.0,Alejaba Dra,No me gusta estÃ¡ actualizaciÃ³n,No me gusta estÃ¡ mejor como estaba  antes,0
13386536844,2025-11-11T15:13:16-07:00,1,406.0.0,LordFoolio,Racism Galore,"Welcome to Instagram, where itâ€™s okay and even encouraged to be blatantly racist and call for violence as long as itâ€™s against white people. The community guidelines donâ€™t apply if you call for all white people to be cleansed from the earth or if you call white people subhuman demonic scum.",0
13386530561,2025-11-11T15:10:50-07:00,1,406.0.0,Vjsndnxuejgkdnnu,App Update,not aesthetically pleasing. change it back,0
13386527862,2025-11-11T15:09:47-07:00,5,406.0.0,Bryce Meraki,Grateful,Happy this app exists for artists like myself,0
13386494189,2025-11-11T14:56:44-07:00,1,406.0.0,lilirosean,Wrongfully disabled my account,"On November 9th, Instagram (meta) wrongfully permanently disabled my Instagram account (as well as my spams linked to my main) for something as disgusting as CSE among other false claims using their garbage ai detection. I am an artist and followed hundred of other artists, now itâ€™s all gone. I donâ€™t even post on any of my accounts so this is extremely strange. Iâ€™ve heard recently this has happened to thousands of other people, so I know it is some type of malfunction with the ai META is using to ban accounts. Itâ€™s been 3 days since this happened and the issue has not been resolved, Iâ€™ve even sent emails to Instagram support and META, no reply. This is absolutely absurd and a very poor business choice, I doubt many people will want to use Instagram when this starts happening to everybody else. Shame on you, Instagram/meta, Iâ€™ve lost years of memories in just a few minutes.",0
13386473778,2025-11-11T14:48:57-07:00,5,406.0.0,Idkfontsfree,Opinion,great updates >3,0
13386473452,2025-11-11T14:48:50-07:00,1,406.0.0,pescadoboy,Account Status,"my account keeps getting wrongly banned with no feedback on appeals or reasoning, i would love to use the app and interact with my peers but the app is making it highly difficult",0
13386454994,2025-11-11T14:41:49-07:00,1,406.0.0,A Fan..... No More,The new format is horrific and makes me want to throw up,"The new format is horrific and if it is not changed I will permanently delete Instagram this is my final straw. I have kept this app for years because of the memories but this is where I draw the line. No instagram, you are not Tik Tok or Tumblr or Facebook. You had a perfectly good identity and then you got self conscious and destroyed yourself.",0
13386439807,2025-11-11T14:36:11-07:00,3,406.0.0,nicolesaehu,Change back to square plz,"I love instagram and honestly, I can deal with the ads but I hate the change in the profile layout from square to rectangle. The whole point of Instagram is to share photos but the rectangle makes each post take up more space in the UI for any given frame. Its also ugly especially when sharing horizontal photos. If you REALLLLY want to improve ux, u could give users the option to have theirs be either square or rectangle. Anyways ily ig but plz I hate the rectangle and all of my friends do too.",0
13386437808,2025-11-11T14:35:29-07:00,1,406.0.0,HGPReview,Instagram Review,"Aggressive, invasive, manipulative, dubious, divisive, deceptive, and offensive - meanies. Messy and cowardly. Vulgar. Exploitive. Pushy with products and concepts. Whether intentional or unintentional - generates divisiveness. Also, please do be mindful of the fact that some may be put off by constant show of artificial nails and various other forms of artificiality. Greedy and selfish.",0
13386385416,2025-11-11T14:15:57-07:00,1,406.0.0,Instagram hates users,Blocked thousands of users,"My account was suspended for a ridiculous reason. The only 2 posts I had on my Instagram was my wedding reel and photos of a baby/gender announcement. Randomly, my account was suspended for child exploitation and nudity?!?? I appealed this decision and went through all of the steps. Then got a message saying the review usually takes just over a day. Itâ€™s been 2 weeks and for others itâ€™s been MONTHS. Instagram is a part of Meta, so my Instagram was not the only account that was affected. My Facebook, facebook messenger and threads accounts is also GONE. There is no customer support to speak to. The apps give you an option to download your information but then it takes you to the log in page!!!! You also canâ€™t create a new account with your name or it will block that one too. So frustrating. Iâ€™ve lost all of my memories.",0
13386314678,2025-11-11T13:49:58-07:00,3,406.0.0,Complaint.._,Updates that donâ€™t make sense and that we didnâ€™t ask for,"Stop giving us unnecessary updates that donâ€™t matter. No reason of changing filters, layouts, and messages. We as a collective of the instagram community asked for you to let us see who unfollowed not all the unnecessary stuff.",0
13386285905,2025-11-11T13:39:28-07:00,1,406.0.0,joi90112,Ai moderation,Most horrible moderation ever now that they switched to ai. I got banned for â€œchild exploitationâ€ when I only post about fit pictures and only use instagram for business inquires only. Horrible app,0
13386280755,2025-11-11T13:37:35-07:00,1,406.0.0,Ø§Ø¸Ø¬Ø¬ØªØ§Ù„ÙŠØ³Ø³,Ø§Ù„ØªØ­Ø¯ÙŠØ« Ø§Ù„Ø¬Ø¯ÙŠØ¯,Ø§Ù„ØªØ­Ø¯ÙŠØ« Ø®Ø±Ù‡ Ø§Ù„ØªØ­Ø¯ÙŠØ« Ø§Ù„Ø¬Ø¯ÙŠØ¯ Ø®Ø±Ù‡ Ø±Ø¬Ø¹Ùˆ Ø§Ù„ØªØ­Ø¯ÙŠØ« Ø§Ù„Ù‚Ø¯ÙŠÙ… Ù‡Ø§Ø°Ù‡ ØªØ­Ø¯ÙŠØ« Ø®Ø±Ø±Ù‡ Ø®Ø±Ù‡ ÙŠØ§ Ù…ØµÙ…Ù… ÙŠØ§Ø®Ø±Ù‡,0
13386257686,2025-11-11T13:29:22-07:00,3,406.0.0,al3ina,fix the bugs.,my drafts will randomly get un-edited and the feature to have mixed sized posts will randomly disappear as well.,0
13386170272,2025-11-11T12:58:27-07:00,1,406.0.0,AnylahC,.,i keep getting clapped & im not even doing nothing.,0
13386145568,2025-11-11T12:49:58-07:00,1,406.0.0,aziyia,Banning,They keep banning my accounts for no reason and when i remake a new one i dont do nothing on it and they ban that one too.,0
13386122873,2025-11-11T12:42:07-07:00,1,406.0.0,luverbyrdd,my account !!!,"sometime, i was want to change my birthdate at 2000 but then accidentally clicked 2012, then because of all of that, i managed to get my facebook and instagram account banned or suspended not sure, but i cannot log back in.",0
13386104758,2025-11-11T12:35:58-07:00,1,406.0.0,fuqamino,PUT IT BACK,"If you donâ€™t change the app back to where it was, imma lose my mind. Also, you guys need to give peoples accounts back that have been wrongly banned because of your stupid ai",0
13386100436,2025-11-11T12:34:32-07:00,1,406.0.0,Nahdeeyahh,Why update?,Instagram makes edits to unnecessary places,0
13386063716,2025-11-11T12:22:09-07:00,1,406.0.0,James R5,Adding music in post does nothing,"Music in post is broken, adding a song doesnâ€™t do anything. 
They push us onto reels then destroy those reels quality after 30 days and force lower the resolution of your content, the quality is so bad, your friends cannot even tell if itâ€™s you on the video. This is insanely bad. Moving to tiktok. 
Looks like youtube 2005 had better image quality. 
Also feed is broken, shows me post of my close friends weeks after they publish itâ€¦",0
13385992545,2025-11-11T11:58:21-07:00,2,406.0.0,EnemyofEnron,Oof this updateâ€¦,"Is not it. Making the reels such an unavoidable part of the app, the only part that plays sound by default until silenced, obscuring navigating to your messagesâ€¦all for the reels tab to be so glitchy, showing you one second of a reel you MIGHT be interested in finishing before jumping to a completely different reel. Did they try to make it as unusable as possible?",0
13385959649,2025-11-11T11:47:30-07:00,2,406.0.0,Shideh70,Annoying algorithm,"Iâ€™m traumatized if I spend more than 1 second on a post scrolling down the home page. It starts throwing millions of ONE type posts. I tried to manually remove the some lists in settings, they are too many, I never asked for them never Followed them. 
No, new update, stories from irrelevant random people shows in my page. If I wanted to see them I would follow them!!! Not that Ads werenâ€™t enough disturbing. ğŸ˜–",0
13385910894,2025-11-11T11:31:49-07:00,5,406.0.0,Hamzassdadt2030,Hamza,Sadat,0
13385908120,2025-11-11T11:30:56-07:00,1,406.0.0,Smellyank,New UI is bad,Removed the central post button and moved the messages to its own tab instead of being home? Absolute buns,0
13385904547,2025-11-11T11:29:46-07:00,1,406.0.0,artistrue4l,Banned for no reason,I got banned for no reason artistrueszn,0
13385894467,2025-11-11T11:26:33-07:00,1,406.0.0,CA van fans cccvv,Extremely Disappointed with Account Handling,"Iâ€™m beyond frustrated with how Instagram handles account suspensions. Without any warning or explanation, all three of my accounts â€” @minddovermatterrr, @diaryyofmiyahh, and @_miyahstyledyou â€” were suddenly disabled. I reached out professionally and respectfully through email, clearly explaining that I hadnâ€™t violated any community guidelines and that these accounts are important for both my personal and business use.

Itâ€™s been disappointing to receive no real response or help. My business depends on these pages to connect with clients, and this suspension has completely disrupted my work. Thereâ€™s no transparency, no communication, and no way to properly appeal or speak to a real person.

Instagram seriously needs to improve its support system â€” especially for small business owners who rely on their platform. Itâ€™s unacceptable to lose access to years of work and connections without warning or explanation.",0
13385888795,2025-11-11T11:24:44-07:00,3,406.0.0,itssskeyyy_,Suspended,Why was my account suspended today for no reason,0
13385885253,2025-11-11T11:23:35-07:00,1,406.0.0,Matriwx,IG for Ipad is Horrible,"Normal Behavior - open ig from app or from notification of a dm actually works (before UI instagram for ipad launch); user stories from ğŸ  only move to the next story, if user has multiple, or carousels to next users set of stories once the grey/white timer bar at top of story suns out.

Actual Behavior - open ig for ipad from app or from a dm that contains a reel, reel or video does t play automatically. I have to close ig several times until stories and reels dont time out early and stories play through the entire general timer bar. 

Cosmetically everything is all over the place. Why cant we have stories once the ğŸ‘¥ section? Just barely scrolling back towards the top on the ğŸ  section should reveal the story panel so we dont have to scroll all the way back at the top. Also text is smaller. Nobody really likes this, its a horrible user experience. Updates havent fixed anything. Constantly full of bugs",0
13385873425,2025-11-11T11:19:50-07:00,1,406.0.0,".!)));,,!&$(",Bad update,Update is the worst.,0
13385864057,2025-11-11T11:16:50-07:00,2,406.0.0,Josie abigail,Instagram,Instagram was good until they disabled my account for no reason this has happened to many more people Iâ€™m currently struggling to get my account back,0
13385863728,2025-11-11T11:16:44-07:00,4,406.0.0,â€¦!.:,Layout,"Please go back to old layout, absolutely do not like it.",0
13385824983,2025-11-11T11:04:28-07:00,1,406.0.0,NightWorst,Bad Customer Service,"They have terrible app management, customer service, and feedback procedures. Because they have these self help articles set up thereâ€™s no way to actually get help with your account for simple issues that could be fixed. Like the way simple problems turn into losing whole accounts is insane and very disheartening for such a popular app.",0
13385776889,2025-11-11T10:49:36-07:00,1,406.0.0,Claire.oh.80,Peak of Human Greed,"Instagram is just ridiculous. Like thousands of others, my account was wrongly banned by their AI. I was horrified to realize that Zuckerberg did indeed remove ANY method of human support on the app beside from joining a waitlist behind a PAYWALL. 

It doesnâ€™t stop there. Their app started malfunctioning on both my iPhone and my iPad, locking me out of ALL my accounts. With no way to reliably contact human support, Iâ€™m stuck. They havenâ€™t replied to my month old emails. This happens to every other Instagram user I know.

Spare yourself the pain. Donâ€™t download.",0
13385772464,2025-11-11T10:48:14-07:00,5,406.0.0,æ˜¯å‘æ—¥è‘µå,I'm not a robot. Let me log in.,"Very good software, let me log in! Thank you, thank you, thank you! ! ! !",0
13385760346,2025-11-11T10:44:24-07:00,5,406.0.0,420cherry,I could do more but !!,Itâ€™s always taking to long to post itâ€™s need to faster like other social site,0
13385759988,2025-11-11T10:44:18-07:00,5,406.0.0,SedonasBDWBclub,@sex X 6k BDWB @threads@sportpumapussy@eatapplesluts.netxx6juicy xx6simplysquirter; xhi,dela Xx6BDWB Xx6BDWB,0
13385758418,2025-11-11T10:43:47-07:00,1,406.0.0,thebaddestreview,.,The new layout is disgraceful and hideous. Idk why yall did this,0
13385748728,2025-11-11T10:40:48-07:00,1,406.0.0,Tradurant,Login,Ever since the update I canâ€™t log into my account on the app,0
13385731769,2025-11-11T10:35:35-07:00,1,406.0.0,Mamimefa,stupid updates,Okay so Instagram keeps trying to force reels on us and now whenever I swipe to go to messages I end up on reels itâ€™s the most annoying thing ever. Every time they update the app I use it less and less. TikTok has really become #1 at this point ..,0
13385718988,2025-11-11T10:31:38-07:00,1,406.0.0,Ø³Ù„Ø·Ø§Ù†_Ø§Ù„Ø¹Ø§ÙˆÙŠ,Ø§Ù„Ù„ØºÙ‡,Ù„Ø§ÙŠÙˆØ¬Ø¯ ØªØ±Ø¬Ù…Ø© Ù„Ù„Ø¹Ø±Ø¨ÙŠÙ‡,0
13385658903,2025-11-11T10:13:28-07:00,1,406.0.0,babyblaccck,Keep suspending accounts for no reason,whatâ€™s going on? STOP SUSPENDING MY ACCOUNT IM LITERALLY NOT DOING NOTHINGGGGG,0
13385547453,2025-11-11T09:40:20-07:00,2,406.0.0,alkary.,recent updates,"Instagram isnâ€™t tiktok and they need to stop trying to make it that way. Itâ€™s getting tiring and annoying watching them mess up the app for those of us who are genuinely just interested in connecting with people from our own circle.
Every update seems designed to push random content from strangers instead of posts from the people we actually followed. The algorithm keeps shoving Reels down our throats while burying updates from friends and family. We didnâ€™t sign up for an endless scroll of viral videos from accounts we donâ€™t know or care about.
Some of us just want a simple photo-sharing app to keep up with our actual friends, not a tiktok clone. If I wanted tiktok , Iâ€™d stay on tiktok. Instagram used to be about personal connections and now it feels like theyâ€™re sacrificing that core experience to chase trends and compete with other platforms.
Let Instagram be Instagram. Bring back the chronological feed and prioritize content from people we chose to follow. Stop forcing a completely different app experience on users who were perfectly happy with what Instagram originally was",0
13385451096,2025-11-11T09:12:25-07:00,1,406.0.0,Smooth Appperator,Run by fascist bootlickers selling your data,Not much else to say. Youâ€™ve been warned. Leave meta in the past.,0
13385448684,2025-11-11T09:11:41-07:00,1,406.0.0,yrn good,Trash app,Took my account for no reason,0
13385446566,2025-11-11T09:11:04-07:00,1,406.0.0,Gaek 123,EstÃ¡n suspendiendo cuentas,He tenido un mal momento ya que me suspendieron la cuenta sin ningÃºn motivo y no me la han devuelto .,0
13385443690,2025-11-11T09:10:15-07:00,1,406.0.0,fl@ck@,Doesnâ€™t let me log in,I try logging into my account but it tells me that thy couldnâ€™t find my account but they have an account that is closely matched based on my login info which is my account but when I press continue it takes me to the same exact page again,0
13385434207,2025-11-11T09:07:31-07:00,1,406.0.0,tbh.anaya,WRONGFULLY BANNED,Instagram banned my account wrongfully for no reason and accused me of such horrible things and after I have reached out for 7 months no one has contacted me back.,0
13385419447,2025-11-11T09:03:19-07:00,1,406.0.0,Iamastagram,ğŸ˜¡,Instagram no sirve ya van dos cuentas que me eliminan injustamente,0
13385417514,2025-11-11T09:02:46-07:00,1,406.0.0,kevo_$wervo10383838,Acount suspended and no response,My account was wrongfully suspended on October 7 due to cse which I can confidently say I have not done none of those things and I have complied with the community guidelines ever since I have used the app please fix this and give me account back instagram. My account name is â€œ_kevramirez10â€,0
13385395353,2025-11-11T08:56:25-07:00,1,406.0.0,jhonny broke,I hate this app,You guys keep banning every new account i make,0
13385383552,2025-11-11T08:53:04-07:00,1,406.0.0,Mokuthedon,Fix your stupid AI,The AI keeps banning accounts accusing them of doing things that we did not do at this point im getting a lawyer because you are letting your AI accuse us users of outrageous things,0
13385381160,2025-11-11T08:52:24-07:00,1,406.0.0,caylamour,No Support Center,"Godforbid anything happens to your account, the Meta support center has no contact number and the team that sends out no reply emails must be AI generated the way that nothing is resolved. I have sent several requests for my account to be recovered after being a victim of identity theft. Provided my ID, picture of myself which matches the photos on my account, and still a hacker with absolutely no verification submitted to confirm or deny that they are the true owner holds claim to my account. Very sorry excuse for a â€œsupportâ€ center.",0
13385377509,2025-11-11T08:51:22-07:00,1,406.0.0,Thatonekid178,ğŸ—‘ï¸,Trash app I got banned for no reason,0
13385343219,2025-11-11T08:41:38-07:00,1,406.0.0,1 kay2 mareylah,Banned,"IAM formally writing this to request a review for my account and reinstatement of my Instagram account back which has been disabled today and now is showing signs that I can be permanently disabled I am so concerned about this SITUATION I deeply need this ACCOUNT

This account is very important to me it's just not a regular account things help me on here also l've had this account for a long time and never got disabled and I also work on this account for a better life

My account name is ""nyamarieee._"" is critical for my success I believe I was mistakenly suspended and I'm respectfully asking to review any flags that led to this.
on my part I have not did anything to be 
suspended

If any action on my part has caused concern, I am more than willing to comply with all platform rules and provide any necessary verification (which I've done already) or additional information to resolve this issue.

Thank you for your time and understanding. I sincerely hope to hear from you soon with a resolution and or update with the account.",0
13385333807,2025-11-11T08:38:57-07:00,3,406.0.0,Ziyahahkira,My account got took,Hello guys I just wanted to say I love instagram so much but they took my account for no reason and they didnâ€™t even give me a reason I used instagram everyday and I really hope to get my account back I donâ€™t even know how to get it back because itâ€™s saying my password is wrong but itâ€™s not then I used my gmail to log back in but every time I put the code in a notification pop up and all it says is to press okay and I canâ€™t get in like I donâ€™t understand instagram please fix this because I know itâ€™s not only me I saw other reviews that says the same exact thing,0
13385330083,2025-11-11T08:37:53-07:00,2,406.0.0,Mareecole,Instagram,Love instagram,0
13385285853,2025-11-11T08:25:25-07:00,2,406.0.0,JellyRap,Horrible upload quality,My videos never upload to the original resolution. Used the edit feature after a post had been posted to remove a picture from it. It completely messed up the videos I kept on the post. Quality looked like it was from the 80s. Very upset,0
13385216321,2025-11-11T08:05:57-07:00,1,406.0.0,Davarisfn,Password issue,I got logged out my account yesterday and it wouldnâ€™t let me get back in at all it wait issue and when I put a code in  so I can log back in to my account it says code isnâ€™t right. Like this app needs fixingâ€™s cause itâ€™s so bad,0
13385212756,2025-11-11T08:04:59-07:00,1,406.0.0,whattajoks,Move direct messenger back to where they go.,Stop trying to reinvent the wheel. You keep moving stuff to places it shouldn't be. It's great where it's at. Stop messing with it.,0
13385173073,2025-11-11T07:54:01-07:00,1,406.0.0,AnonBeetle,Search Bar,Iâ€™m tired of online platforms shoving AI in my face. I promise you I donâ€™t need Meta AI to summarize EVERY SINGLE thing I search or any hashtag I click on,0
13385171235,2025-11-11T07:53:31-07:00,5,406.0.0,Shobani0069,Support me,Thank you,0
13385151670,2025-11-11T07:48:12-07:00,1,406.0.0,Scoutmom3,Algorithms,Stop showing me ai baby podcasters. I donâ€™t like podcasts and I donâ€™t like ai generated videos. I block every single account that does this yet yall still send them to me.,0
13385140913,2025-11-11T07:45:18-07:00,2,406.0.0,jahelistheueen,The New Update,"I hate it so much because why is the plus on the top left of the screen. If I want to create s post I want it at the bottom middle like previously. I want my message at the top right, and search icon, by the home page and additional post icon. The new arrangement of icons for this  Instagram update is horrible. Im not a pleased customer at all. Instagram, please revert the icons to its previous locations. Thank you.",0
13385126453,2025-11-11T07:41:19-07:00,1,406.0.0,Adhikard,Hate the new update!!!!,Donâ€™t fix something thatâ€™s not broken!!!,0
13385121172,2025-11-11T07:39:52-07:00,2,406.0.0,Gueneit,Music problems,"I'm from Senegal, and the music doesn't work at all. This is extremely frustrating, making the app inconvenient to use and preventing me from using it to its full potential. Please fix this feature and lift the ban on
music in Senegal .",0
13385110734,2025-11-11T07:37:02-07:00,4,406.0.0,æ¹¾ï¼ï¼ï¼,Deng,Gaigvggvghjjnbfttfcvghjjknnnvccddfghjnb. Cbhjkkkkjhggffdddfghjjijhggfgghjikkmnb,0
13385101238,2025-11-11T07:34:24-07:00,5,406.0.0,ShayMarieStylez,Great networking and social site,"It has helped me in so many ways! Building clientele networking with other entrepreneurs and staying connected with my community and the world around me! It is my go to platform to get the most out of my business, & media marketing experience and social networking!! 10/10 highly recommended",0
13385011001,2025-11-11T07:09:42-07:00,5,406.0.0,IveUli,Superbâ€¼ï¸,Itâ€™s what I expected,0
13384984861,2025-11-11T07:02:37-07:00,1,406.0.0,PrincessL2345,Repost feature never loads on profiles,Every time I try to view a friendâ€™s repost tab it either says there are none (this isnâ€™t true as Iâ€™ve gotten notifications they reposted the same thing) or will only load like 2 & then crash,0
13384874914,2025-11-11T06:32:43-07:00,1,406.0.0,Meta ia is It's useless,UNFAIRLY BLOCKING,They blocked my account and didn't say the reason is the second time,0
13384863959,2025-11-11T06:29:47-07:00,5,406.0.0,Pramod vlog up,Pramod,Kumar,0
13384835380,2025-11-11T06:22:02-07:00,1,406.0.0,Averyannia,Insta,"My ig accounts was recently banned for no reason , I don't post anything that violates anything. I believe that this was a mistake ,my account is also managed by an adult. Unban me @iamlamyaaaa and my other 2 accounts that were connected with that",0
13384820314,2025-11-11T06:17:54-07:00,1,406.0.0,JmAcK 6767,Brainrot,Brainrot,0
13384791368,2025-11-11T06:09:53-07:00,4,406.0.0,Drrrrrrrrre,Layout,Pleaaasseee change the layout back omg. I have not met nor seen ONE person who likes it. Its so inconvenient and makes no sense,0
13384773015,2025-11-11T06:04:53-07:00,1,406.0.0,24kslender_man,Account suspension,"I was suspended for a violation but I havenâ€™t donâ€™t anything on instagram, so I made a new account because I was confused on why I was suspended, and then I got suspended again. Iâ€™m switching back to Snapchat I guess.",0
13384772168,2025-11-11T06:04:40-07:00,4,406.0.0,Joseph_Wilson,"Great app, but the bots are outrageous.","I donâ€™t have any issues with the app itself, but the fact that reports are reviewed by AI is TERRIBLE. There are legitimate porn bots but instead Meta decides that AI is capable enough to determine what is and isnâ€™t NSFW. No, they hide those posts from â€œteensâ€ instead. Figures.",0
13384764237,2025-11-11T06:02:31-07:00,1,406.0.0,BUMBA champ,Youâ€™re doing well and Iâ€™m liking it!!,Like it always,0
13384742415,2025-11-11T05:56:28-07:00,2,406.0.0,xylc1993,It used to work fine but..,"Iâ€™m not sure if the latest iOS update made my IG app glitch or what exactly. But I donâ€™t think the app is supportive of the latest iOS. It keeps kicking me off anything I click to go to my profile or my messages. I use this app every single day but since yesterday, Iâ€™ve been having this problem.",0
13384733096,2025-11-11T05:53:53-07:00,1,406.0.0,user14)3,ig banning,they keep banning my acc for no reason terrible app n terrible service,0
13384722547,2025-11-11T05:50:54-07:00,2,406.0.0,Doodle. 123z,I still didnt get the doodle update,Iâ€™ve updated everything even my phone,0
13384697368,2025-11-11T05:43:48-07:00,1,406.0.0,xgravity23,sharp increase in religious ads,"EDIT: iâ€™m seeing more ads than content from people iâ€™m following. so i started an experiment: as soon as i see 4 sponsored posts, iâ€™m closing the app. iâ€™ve seen 1-2 posts from people iâ€™m following by the time i see a sponsored post. SHAME.

ORIGINAL: iâ€™m an atheist with religious trauma i am working through. if i see one more g*dd@mn religious ad iâ€™m gonna delete my accounts. there has been a stark increase in the number of religious ads i am seeing, despite blocking every religious adâ€™s account and ntent from mreporting every religious ad as irrelevant. stop it.",0
13384688791,2025-11-11T05:41:29-07:00,1,406.0.0,Jo 202,Canâ€™t use features,Iâ€™m not restricted. My account says I can use all features but I canâ€™t comment. Very disappointing.,0
13384688375,2025-11-11T05:41:21-07:00,1,406.0.0,Annoyed_with_instagram,Insights,Why did you update insights and remove the stats on views by non followers?,0
13384650469,2025-11-11T05:30:48-07:00,1,406.0.0,em-ro-20,Repost button is awful,Get rid of the reposting button or make it harder to access. Everyone hits it on accident.,0
13384638636,2025-11-11T05:27:33-07:00,1,406.0.0,lerkse,new update ruined the app,literally cant do half of what you were able to like simply swipe right to get on someoneâ€™s profile after a reel. also why change everything around AGAIN. just is messy and not a good look.,0
13384603440,2025-11-11T05:17:42-07:00,1,406.0.0,rivviera,Since Facebook took over the app is terrible,The new update is terrible DELETE THE APP NOW,0
13384541993,2025-11-11T05:00:19-07:00,1,406.0.0,IG user67,Insights,Why did IG remove the followers vs. non-followers insight of total views? This was an extremely important metric for many usersâ€¦.,0
13384500787,2025-11-11T04:48:14-07:00,5,406.0.0,å¼ äºšè¿1,å¾ˆå¥½ç”¨,å¾ˆå¥½ç”¨çš„ä¸€æ¬¾è½¯ä»¶,0
13384493058,2025-11-11T04:45:55-07:00,5,406.0.0,Daniortiz08,â¤ï¸ğŸ˜ğŸ«¶ğŸ»,I love this Appâšœï¸ the best of all,0
13384490928,2025-11-11T04:45:17-07:00,1,406.0.0,aidanbaumer07,NEW UPDATE IS AWFUL,NEW UPDATE IS AWFUL,0
13384451904,2025-11-11T04:33:41-07:00,2,406.0.0,ur furneal,Glitches,My insta got disabled for no reason over night and I wasnâ€™t even on the app that much,0
13384440347,2025-11-11T04:30:13-07:00,1,406.0.0,TheSonOfJune,Alterations,You should be able to adjust size of videos when making a post. Itâ€™s cropped so your forced to use it or not,0
13384431278,2025-11-11T04:27:30-07:00,1,406.0.0,Dhazztrump,Banned,I keep getting banned for no reason and yall wonâ€™t unbanned me,0
13384338147,2025-11-11T03:59:09-07:00,1,406.0.0,33434,So tired of these useless updates.,"Why do we keep adding useless features then, changing user interfaces constantly. I understand if you wish to update an app to keep it fresh. But useless features to make it even more difficult to access DMâ€™s ruin this app and turn people away.",0
13384328504,2025-11-11T03:56:05-07:00,2,406.0.0,That girl 001,Stop canceling âŒ,I left 1 star because for one I love the app but I really just donâ€™t know why I just keep getting my account suspended for no reason. Itâ€™s annoying because thatâ€™s the only way I can communicate with my family whoâ€™s far away. I hate this so if itâ€™s a bug fix it because suspending people like that is so not coolğŸ˜¡ğŸ™…â€â™€ï¸âŒ,0
13384225090,2025-11-11T03:22:03-07:00,2,406.0.0,Codename BLITHE,I donâ€™t lol the latest update,It makes the usability of the app much harder.  I can only access my notifications from my Home Screen and I can no longer swipe left on reels to view a person profile. I also donâ€™t like the reels tap in between messages and Home Screen. I need all my profile related buttons back at the bottom for easy access,0
13384202011,2025-11-11T03:14:00-07:00,5,406.0.0,@kouhestan.lux,â€œÙ¾Ù„ØªÙØ±Ù… ÙÙˆÙ‚â€ŒØ§Ù„Ø¹Ø§Ø¯Ù‡ Ø¨Ø±Ø§ÛŒ Ø§Ù„Ù‡Ø§Ù… Ùˆ Ø§Ø±ØªØ¨Ø§Ø· Ø¨Ø§ Ù…Ø´ØªØ±ÛŒØ§Ù†â€,Ø§Ø² Ø§ÛŒÙ†Ø³ØªØ§Ú¯Ø±Ø§Ù… Ø¨Ø±Ø§ÛŒ Ù…Ø¹Ø±ÙÛŒ Ù¾Ø±ÙˆÚ˜Ù‡â€ŒÙ‡Ø§ÛŒ Ù„ÙˆÚ©Ø³ Ùˆ Ø²Ù…ÛŒÙ†â€ŒÙ‡Ø§ÛŒ Ø®Ø§Øµ Ø¯Ø± Ù„ÙˆØ§Ø³Ø§Ù† Ø§Ø³ØªÙØ§Ø¯Ù‡ Ù…ÛŒâ€ŒÚ©Ù†Ù…. ÙØ¶Ø§ÛŒ Ø§ÛŒÙ† Ù¾Ù„ØªÙØ±Ù… Ø¨Ø±Ø§ÛŒ Ø§Ø±ØªØ¨Ø§Ø· Ø¨Ø§ Ù…Ø´ØªØ±ÛŒØ§Ù† ÙˆØ§Ù‚Ø¹ÛŒØŒ Ù†Ù…Ø§ÛŒØ´ ÙˆÛŒØ¯ÛŒÙˆÙ‡Ø§ÛŒ Ø­Ø±ÙÙ‡â€ŒØ§ÛŒ Ùˆ Ø±Ø´Ø¯ Ø¨Ø±Ù†Ø¯ Ø´Ø®ØµÛŒ Ø¹Ø§Ù„ÛŒÙ‡. Ù¾ÛŒØ´Ù†Ù‡Ø§Ø¯ Ù…ÛŒâ€ŒÚ©Ù†Ù… Ø¨Ø±Ø§ÛŒ Ù‡Ø± Ø¨ÛŒØ²Ù†Ø³ÛŒ Ú©Ù‡ Ø¨Ù‡ Ø¯Ù†Ø¨Ø§Ù„ Ø¯ÛŒØ¯Ù‡ Ø´Ø¯Ù† ÙˆØ§Ù‚Ø¹ÛŒÙ‡ØŒ Ø§Ø²Ø´ Ø§Ø³ØªÙØ§Ø¯Ù‡  Ú©Ù†Ù‡.,0
13384154389,2025-11-11T02:57:26-07:00,3,406.0.0,Ewpxuliinx,Slow,slow,0
13384104802,2025-11-11T02:39:22-07:00,3,406.0.0,SPY KIDS ALL OF THEM,Disabled account for no reason,I woke up this morning to my account being on hold an about to be disabled for nothing I donâ€™t post anything crazy or do anything crazy can you guys please fix or help I want to keep my account this never happened,0
13384031023,2025-11-11T02:11:18-07:00,1,406.0.0,Himothy_3rd,Give me my account back,My account got suspended for no reason and I canâ€™t even log back into it to appeal for it,0
13383906571,2025-11-11T01:21:27-07:00,5,406.0.0,Classic trend,The Best ğŸ¥°,For the long this is the 1st time am enjoying Instagram without any complain am do happy ğŸ’ƒğŸ’ƒğŸ’ƒ,0
13383760471,2025-11-11T00:19:49-07:00,1,406.0.0,golnaz akbary,apple,im 38 years old,0
13383701853,2025-11-10T23:54:27-07:00,5,406.0.0,To god be the glory â¤ï¸,THE BIGGEST in Gods love â¤ï¸,AMAZING ğŸ’•,0
13383700577,2025-11-10T23:53:55-07:00,5,406.0.0,O m g ğŸ˜†,The best app,Thanks for let us share great memories,0
13383686170,2025-11-10T23:47:37-07:00,2,406.0.0,wigsnatchedbyme,Delete all comments,There needs to be an option to delete all comments under the â€œyour activityâ€ section when we click comment history. Having to press every comment to choose the ones I want delete then sometimes it wonâ€™t work is irritating,0
13383642545,2025-11-10T23:28:03-07:00,5,406.0.0,Ace Black,ComingFromAmerica.com,I enjoy being able to use IG to promote my trip in Africa. ComingFromAmerica.com,0
13383616790,2025-11-10T23:16:22-07:00,1,406.0.0,Not making a name for this lol,Stop it,Make searching normal and stop trying to make me join the meta ai app and make it easier to turn off notifications and stop being a billionaire,0
13383589027,2025-11-10T23:03:52-07:00,1,406.0.0,Webreview,Terrible Customer Service,"My Instagram account (@jaywebbtrumpet) was recently suspended for allegedly violating Community Standards related to child sexual exploitation, abuse, or nudity. Then it was restored two days later with an apology. Now two days later it was suspended again. 
I believe this was an error. Again! 

I am a professional musician, and my account is used solely for sharing my music, performances, and professional updates. None of my content involves or promotes any form of exploitation or inappropriate material.

I have already submitted an appeal through the standard process, but I wanted to respectfully request that my case be reviewed by your integrity or account quality team as soon as possible. This account is critical to my livelihood, as I use it for fan engagement, bookings, and music promotion.

Iâ€™m happy to provide any verification or additional information needed to confirm my identity and the legitimacy of my content.

Thank you for your time and understanding,",0
13383526996,2025-11-10T22:35:23-07:00,1,406.0.0,TurboWahine,Accounts keep getting disabled for no reason!,Accounts I have had for YEARS getting disabled for NO GOOD REASON. Thereâ€™s no support from human people to fix the issue. Iâ€™ve lost accounts with over 16K followers and thousands of photos and memories. This is absolutely ridiculous. DO NOT DOWNLOAD THIS APP.,0
13383519667,2025-11-10T22:31:57-07:00,5,406.0.0,egenestautos,Loving instagram,Best app ever with top and real people,0
13383511230,2025-11-10T22:28:07-07:00,4,406.0.0,Irenes 2689,Notas,Yo recomiendo que vuelva la configuraciÃ³n de videos a las notas porque asÃ­ sin eso es aburrido y era mucho mejor como era antes,0
13383504384,2025-11-10T22:24:58-07:00,1,406.0.0,Michelle62442,PLEASE change it back!!,I hate the new update (November 2025) PLEASE change it back. Itâ€™s now too much like TikTok. I like Instagram BECAUSE itâ€™s NOT like TikTok. I want to see my friendsâ€™ posts and stories first. Reels can go back to the old tab. Please change is back. If itâ€™s no different than TikTok I might as well stop using Instagram and just go to TikTok only.,0
