video_id,url,title,brand,views
sSUtjpY9gaE,https://www.youtube.com/watch?v=sSUtjpY9gaE,Picture Hanging Hack ‚Äì Hanging Pictures Level,3M Claw,8394682
OUB_KFvVEd0,https://www.youtube.com/watch?v=OUB_KFvVEd0,Introducing Scotch-Mount‚Ñ¢ Multipurpose Gel Tape (:30),Scotch,7804334
UbXy3c2oAfA,https://www.youtube.com/watch?v=UbXy3c2oAfA,Which Duct Tape Brand is the Best?  Let's find out!,Scotch,4851719
hDxebMTfAo8,https://www.youtube.com/watch?v=hDxebMTfAo8,3M‚Ñ¢ CLAW Drywall Picture Hanger Video 45 seconds,3M Claw,3581255
WFAOxhKARvA,https://www.youtube.com/watch?v=WFAOxhKARvA,The Easiest and Fastest Way to Hang Heavy Things,3M Claw,3029323
u5BBfK-P1XM,https://www.youtube.com/watch?v=u5BBfK-P1XM,3M Scotch¬Æ Extreme Double-Sided Mounting Tape‡∏û‡∏•‡∏±‡∏á‡∏Å‡∏≤‡∏£‡∏¢‡∏∂‡∏î‡∏ï‡∏¥‡∏î‡∏ó‡∏µ‡πà‡πÅ‡∏Ç‡πá‡∏á‡πÅ‡∏Å‡∏£‡πà‡∏á,Scotch,2813638
2__lmMVYS6A,https://www.youtube.com/watch?v=2__lmMVYS6A,"Which Masking Tape is the Best?  Frog Tape ve Duck Pro, Stik Tek, 3M, Scotch, Dollar General",Scotch,1089538
xUJ6VqeYfeU,https://www.youtube.com/watch?v=xUJ6VqeYfeU,Top 5 Picture Hanging Tips,Command,1006509
E66puf77Lbk,https://www.youtube.com/watch?v=E66puf77Lbk,The END Of Drywall Anchors?! Fastest And Easiest Way To Hang Heavy Items! LETS TEST IT! How To DIY,3M Claw,843290
docWg4iJvBU,https://www.youtube.com/watch?v=docWg4iJvBU,How To Use Command Strips‚Äî Applying Picture Hanging Strips,Command,789117
_6n7sBQbuTQ,https://www.youtube.com/watch?v=_6n7sBQbuTQ,3M CLAW‚Ñ¢ Plasterboard and Drywall Picture Hanger - Strength and Ease English Video,3M Claw,694822
MXLYTvEB9M0,https://www.youtube.com/watch?v=MXLYTvEB9M0,How To Install A Command Hook-Hang Stuff On The Wall,Command,672878
leLpogi2ytI,https://www.youtube.com/watch?v=leLpogi2ytI,Install Acoustic Foam Fast! Without damaging your wall!,Command,645280
_sBVEPslwZY,https://www.youtube.com/watch?v=_sBVEPslwZY,Best Electrical Tape (Vinyl Tape)?  Lets find out!,Scotch,634604
PsjtpXSuBwo,https://www.youtube.com/watch?v=PsjtpXSuBwo,Will Acoustic Foam Soundproof a Room?,Command,596015
mY9QLFR6Ji8,https://www.youtube.com/watch?v=mY9QLFR6Ji8,Home Staging Tips: Using Command Strips to Hang Wall Art by Tori Toth,Command,516325
RXqcH1Cot6k,https://www.youtube.com/watch?v=RXqcH1Cot6k,How To Use The 3M Command Strips To Hang Pictures Planners Chalk Boards And More,Command,478420
7ZEk5YH2PFo,https://www.youtube.com/watch?v=7ZEk5YH2PFo,How To Use Command Strips - Ace Hardware,Command,475828
KWbjd2I8fJQ,https://www.youtube.com/watch?v=KWbjd2I8fJQ,Scotch¬Æ Shipping Packaging Tape Dispenser ‚Äì Commercial Grade,Scotch,462707
Zpxcu25aevA,https://www.youtube.com/watch?v=Zpxcu25aevA,The Best Drywall Anchor Plug Inserts // Tested,3M Claw,417395
V_lfoIByA7g,https://www.youtube.com/watch?v=V_lfoIByA7g,"How to hang an IKEA pegboard without screws, using Command Strips",Command,388152
uYZA2PFk9yE,https://www.youtube.com/watch?v=uYZA2PFk9yE,This could be the best picture hanging system ever! 3M Claw,3M Claw,322808
3Ii0UGiRqO0,https://www.youtube.com/watch?v=3Ii0UGiRqO0,3M Wallclaw,3M Claw,303406
1nG4IVnVQdI,https://www.youtube.com/watch?v=1nG4IVnVQdI,3M Command‚Ñ¢ Picture Hanging Strips - How To Use,Command,289494
-7969X2nffo,https://www.youtube.com/watch?v=-7969X2nffo,How to Use 3M Command Strips & hang Pictures on your walls without Damage (Instructions),Command,285309
f_2CGR_EopU,https://www.youtube.com/watch?v=f_2CGR_EopU,Hang Heavy Frames up to 9kg with Command‚Ñ¢ XL Picture Hanging Strips,Command,263046
m3Zl0hbkOfU,https://www.youtube.com/watch?v=m3Zl0hbkOfU,Hang Heavy Items on Drywall - Without Drilling Large Holes!,3M Claw,247348
SN3ojo_NjQI,https://www.youtube.com/watch?v=SN3ojo_NjQI,How to Hang a Heavy Mirror on Drywall!,3M Claw,227108
TYWZgfwzr9Y,https://www.youtube.com/watch?v=TYWZgfwzr9Y,Removing Command Strips without Stripping Paint,Command,221650
hR1bKoU1b04,https://www.youtube.com/watch?v=hR1bKoU1b04,15+ BRILLIANT Home Hacks Using Command Hooks!,Command,216185
i5aqYXTrqdc,https://www.youtube.com/watch?v=i5aqYXTrqdc,How To Change Scotch Shipping Tape (Packaging Dispenser),Scotch,201150
YMXvXbIkNFU,https://www.youtube.com/watch?v=YMXvXbIkNFU,How to start a roll of Scotch¬Æ Double-Sided Tape,Scotch,189647
tEWIVzV78WI,https://www.youtube.com/watch?v=tEWIVzV78WI,I Ditched Basic Anchors ‚Äî Here's Why,3M Claw,181916
15OvpxJJU3s,https://www.youtube.com/watch?v=15OvpxJJU3s,How To Use A Plastic Disgorger To Unhook Fish - Snelled Fish Hook Remover Tool 2 in 1 [4K],3M Claw,176698
2EUbx6HB9eU,https://www.youtube.com/watch?v=2EUbx6HB9eU,Hang¬†Pictures¬†And¬†Artwork¬†Without¬†Nails¬†#homehacks #picturehanging #hottohangartwork,3M Claw,153263
1E_421pfNr4,https://www.youtube.com/watch?v=1E_421pfNr4,The Holy Grail of Wall Hooks! Why Damage Your Walls?,Command,147681
GLMYF90YFTk,https://www.youtube.com/watch?v=GLMYF90YFTk,HOW TO HANG CURTAINS WITH COMMAND HOOKS | hanging curtains with no drill-curtain hack,Command,145027
kulMYLbGcgE,https://www.youtube.com/watch?v=kulMYLbGcgE,Every Drywall Anchor from The Home Depot Tested - You will be SHOCKED at how some of these did,3M Claw,144473
V1xFBYqS5uw,https://www.youtube.com/watch?v=V1xFBYqS5uw,How to remove a BROKEN Command Strip | Ed Tchoi,Command,143306
STiJxtkNckI,https://www.youtube.com/watch?v=STiJxtkNckI,My first time using monkey hooks!  2019 | LIVING GRATEFULLY | HOW TO USE MONKEY HOOKS,Command,141370
P8eblEGN7go,https://www.youtube.com/watch?v=P8eblEGN7go,How Much Can a Drywall Anchor Actually Hold?,3M Claw,138046
HwwvVfH_5qU,https://www.youtube.com/watch?v=HwwvVfH_5qU,"Mounting Tape Showdown: Gorilla V. Scotch - the strongest of the strongest, and the winner is....",Scotch,129896
YLyCJppyXJ4,https://www.youtube.com/watch?v=YLyCJppyXJ4,How to Install a Command Hook - The OFFICIAL Method,Command,112452
o0EQAi8Z5pA,https://www.youtube.com/watch?v=o0EQAi8Z5pA,Seamless wall hook nail hang photo hangers brick DIY install how #shorts #shortsvideo #viral #hook,3M Claw,111875
YEU7jh2szDQ,https://www.youtube.com/watch?v=YEU7jh2szDQ,Testing Command Picture Hangers - Do They Really Work?,Command,108860
uIxHEvSm2IU,https://www.youtube.com/watch?v=uIxHEvSm2IU,"‚òÖ‚òÖ‚òÖ‚òÖ‚òÖ ""Tin Foil Hack"" - Command Strip Trick: How to Hang Command Strips without them failing",Command,106317
DCbDhkbB1xQ,https://www.youtube.com/watch?v=DCbDhkbB1xQ,3M Claw Drywall Picture Hangers Are the Smartest Way to Hang Pictures,3M Claw,100626
jT07Bwi-Bis,https://www.youtube.com/watch?v=jT07Bwi-Bis,3M CLAW‚Ñ¢ Heavy Weight Hanging Solution with Kiva,3M Claw,99794
dzekfXx-NHA,https://www.youtube.com/watch?v=dzekfXx-NHA,How to Use Command Hooks | How to Remove Command Hooks | Ryman,Command,94086
iZnXYuNieuc,https://www.youtube.com/watch?v=iZnXYuNieuc,3M Claw vs. Drywall Anchor - Hanging Heavy Items on Drywall,3M Claw,90232
pPTjPvYZlFY,https://www.youtube.com/watch?v=pPTjPvYZlFY,3M Command Cord Clips 17017CLR Review,Command,79647
4TtFXgbbncU,https://www.youtube.com/watch?v=4TtFXgbbncU,How to use Command Picture Hanging Strips,Command,76550
tCEQXnlwBMw,https://www.youtube.com/watch?v=tCEQXnlwBMw,DIY How to install 3M command hooks (super easy!) #3M #commandhooks #commandstrips,Command,74906
4M_hC9UIjcs,https://www.youtube.com/watch?v=4M_hC9UIjcs,Installing 3M Claw drywall picture hanger #diy #shorts,3M Claw,73047
-UmORPvchf8,https://www.youtube.com/watch?v=-UmORPvchf8,Quick & Easy Wall hooks using Command Hooks! Didn‚Äôt know these really worked!,Command,70708
sMUl3UEXfPk,https://www.youtube.com/watch?v=sMUl3UEXfPk,How to Hang Heavy Stuff on JUST DRYWALL!,3M Claw,70524
xKfM10_83DA,https://www.youtube.com/watch?v=xKfM10_83DA,Easy DIY wall hangers // 3M CLAW‚Ñ¢ Drywall Picture Hanger,3M Claw,69612
JTSZhp4PwqA,https://www.youtube.com/watch?v=JTSZhp4PwqA,3M Scotch¬Æ Extreme Double Sided Mounting Tape,Scotch,67419
u_0mhJhY8_M,https://www.youtube.com/watch?v=u_0mhJhY8_M,How To Use The Best Packing Tape Dispenser by Scotch Packaging Tape Review,Scotch,65715
utmHFPZl_zU,https://www.youtube.com/watch?v=utmHFPZl_zU,Best Way To Rig Your Lure Weedless: Weed Guards vs. Weedless Hooks,3M Claw,64767
4hZt9IeAIys,https://www.youtube.com/watch?v=4hZt9IeAIys,3M CLAW Drywall Picture Hangers (3 Pack),3M Claw,64406
U6fEGFssPHY,https://www.youtube.com/watch?v=U6fEGFssPHY,3M Scotch¬Æ Extreme Double Sided Mounting Tape,Scotch,64150
qEa_nByTsK0,https://www.youtube.com/watch?v=qEa_nByTsK0,3M Command Strips ‚Äì How to apply,Command,63147
LlFDgYj65fk,https://www.youtube.com/watch?v=LlFDgYj65fk,"Hanging a Picture Without Hooks, Holes or Nails - Using 3M Command Strips on Concrete",Command,62440
QLw_k3qsmj0,https://www.youtube.com/watch?v=QLw_k3qsmj0,Best IKEA Playroom Hacksüõ†Ô∏è‚ú®,Command,62284
X3P2BtttNS8,https://www.youtube.com/watch?v=X3P2BtttNS8,Hanging Holiday Lights with Command Hooks. Command Decorating Clips [373],Command,55074
SnAyDm1ugGk,https://www.youtube.com/watch?v=SnAyDm1ugGk,How to Use : Scotch-Mount Extreme Double-Sided Mounting Tape,Scotch,55022
i_yu38Moi7Q,https://www.youtube.com/watch?v=i_yu38Moi7Q,3M Command Jumbo Utility Hook,Command,54843
9r8SWWZz8Gg,https://www.youtube.com/watch?v=9r8SWWZz8Gg,#ad Hanging our 60lb antique mirror with ease using 3M CLAW‚Ñ¢ Drywall Picture Hanger NO tools  needed,3M Claw,52213
saQ7JV-5TL4,https://www.youtube.com/watch?v=saQ7JV-5TL4,Scotch Tape Packing Tape Dispenser Gun Review & How To Use It,Scotch,51817
f6S4sSKiQ8o,https://www.youtube.com/watch?v=f6S4sSKiQ8o,Organizing with Command Hooks | Genius Ideas!,Command,51766
iFK2GMzjGy0,https://www.youtube.com/watch?v=iFK2GMzjGy0,The Worlds Strongest Picture Hangers for Drywall????,3M Claw,50755
WwNg3QAlTt0,https://www.youtube.com/watch?v=WwNg3QAlTt0,How to use 3M Command Hanging Strips‚Äã‚Å†‚Äã‚Å†‚Äã‚Å†‚Äã‚Å†@CommandANZ #homedecor #ad #diy #bunnings #shortsviral,Command,48885
X9v2gQS76PQ,https://www.youtube.com/watch?v=X9v2gQS76PQ,How to install 3M Command Wall Hook and Strips - Good for apartments,Command,47809
HBryj3fht9k,https://www.youtube.com/watch?v=HBryj3fht9k,Gadget Organization Tips using 3M COMMAND STRIPS,Command,45549
vmyhOPlnrUE,https://www.youtube.com/watch?v=vmyhOPlnrUE,Scotch Extreme Mounting Tape | The Home Team S2 E44,Scotch,42376
UcjRnaIY370,https://www.youtube.com/watch?v=UcjRnaIY370,3M Command Strips 1 Year Later ‚Äì Do They Still Hold?,Command,40874
CqAiWubhvgM,https://www.youtube.com/watch?v=CqAiWubhvgM,NEED TO HANG SOME HEAVY WALL ART? #SCOTCH MOUNTING TAPE IS WHERE ITS AT!,Scotch,40303
FRNCcXooxlA,https://www.youtube.com/watch?v=FRNCcXooxlA,How to Install Monkey Hooks - An Alternative to 3M Command Strips,Command,40056
TrnbGQhgbMc,https://www.youtube.com/watch?v=TrnbGQhgbMc,3M Command Strips 5 Reasons they wont Stick & Peel Paint off walls.How to Fix this,Command,37628
jWLQADP5wfg,https://www.youtube.com/watch?v=jWLQADP5wfg,HOW TO HANG CURTAINS WITH THE NEW COMMAND CURTAIN HOOKS| NO HOLES OR TOOLS| APARTMENT FRIENDLY,Command,34988
cjCVR_j14XQ,https://www.youtube.com/watch?v=cjCVR_j14XQ,5 Reasons Your Command Strips Are Not Sticking To The Wall,Command,32527
zBM3943UPSE,https://www.youtube.com/watch?v=zBM3943UPSE,3M Claw Spot Marker - Does it Work?,3M Claw,30878
4RJu41zSWbY,https://www.youtube.com/watch?v=4RJu41zSWbY,Battle of the Wall Hangers! 3M Claw vs. 3M Command Strips vs. Basic Wall Anchors!,Command,27926
8o0kwEFSI6s,https://www.youtube.com/watch?v=8o0kwEFSI6s,How To Use Command Picture Hanging Strips-Easy Tutorial,Command,26250
UklK8Qrodqw,https://www.youtube.com/watch?v=UklK8Qrodqw,Easy & Perfect 3M Double Sided Tape Mounting Hack | Quick Tip #3m #mountingtape #scotch #doubleside,Scotch,26096
yk2erH1aRVk,https://www.youtube.com/watch?v=yk2erH1aRVk,3M Scotch¬Æ Double Sided Adhesive Roller Video Demo,Scotch,26084
2FuXFREKuLA,https://www.youtube.com/watch?v=2FuXFREKuLA,Command Strips: Picture Hanging Solution! #commandstrips #amazon #AmazonFinds #amazonhome #lifehacks,Command,24610
fxiu7gBwI2A,https://www.youtube.com/watch?v=fxiu7gBwI2A,Easy Picture Ledge No Screws No Nails! 3M Command Strips Only  #diy #3m #pictureledge,Command,23658
qmgB0_PDfGI,https://www.youtube.com/watch?v=qmgB0_PDfGI,How to use a snell hook holder,3M Claw,22429
po0CoRCZIuY,https://www.youtube.com/watch?v=po0CoRCZIuY,3M Command Strips X-Large Heavy Duty Hooks ‚Äì Strong or Fail?,Command,22278
B6qphqiFMyU,https://www.youtube.com/watch?v=B6qphqiFMyU,3M CLAW‚Ñ¢ Heavy Weight Hanging Solution,3M Claw,21204
TWRhvB8RRvQ,https://www.youtube.com/watch?v=TWRhvB8RRvQ,Does the Dollar Tree Version of a Command Hook Actually Work? | Dollar Tree Removable Hook,Command,20222
EqsXLBBBbQg,https://www.youtube.com/watch?v=EqsXLBBBbQg,3M Scotch¬Æ Extreme Double-Sided Mounting Tape ‡∏û‡∏•‡∏±‡∏á‡∏Å‡∏≤‡∏£‡∏¢‡∏∂‡∏î‡∏ï‡∏¥‡∏î‡∏ó‡∏µ‡πà‡πÅ‡∏Ç‡πá‡∏á‡πÅ‡∏Å‡∏£‡πà‡∏á,Scotch,19400
w1kvBic5yvQ,https://www.youtube.com/watch?v=w1kvBic5yvQ,Difference Between 3M Super 88 & Super 33+ Electrical Tape Comparison,Scotch,19047
H_kFRPu21sI,https://www.youtube.com/watch?v=H_kFRPu21sI,Best Drywall Anchors with Minimal Damage! (New Information),3M Claw,17533
7TTMSrpPjxQ,https://www.youtube.com/watch?v=7TTMSrpPjxQ,Scotch Heavy Duty Packing Tape,Scotch,16613
KexjqfkOn0Y,https://www.youtube.com/watch?v=KexjqfkOn0Y,Can You Hammer the 3M Claw Into the Wall?,3M Claw,16150
qUIDQEkCQqk,https://www.youtube.com/watch?v=qUIDQEkCQqk,The Easiest Way to Hang Heavy Things!,3M Claw,15151
E82Z4LulJ5U,https://www.youtube.com/watch?v=E82Z4LulJ5U,Command Hook Large,Command,14961
PSbcjSwnodo,https://www.youtube.com/watch?v=PSbcjSwnodo,#ad the 3M‚Ñ¢ CLAW‚Ñ¢ Drywall Picture Hangers from @3MCorporate since it makes decorating much easier!,3M Claw,14746
LoNGiq25ddI,https://www.youtube.com/watch?v=LoNGiq25ddI,Can the 3M Claw Hold Heavy Items on Drywall?,3M Claw,14729
bJK7QkLL3uc,https://www.youtube.com/watch?v=bJK7QkLL3uc,Scotch Packing Tape - Review,Scotch,14549
Nq_2ga1H5sk,https://www.youtube.com/watch?v=Nq_2ga1H5sk,Scotch Double Sided Tape Review,Scotch,13877
v8jGGEntxCo,https://www.youtube.com/watch?v=v8jGGEntxCo,Top 6 Drywall Anchors Put to the TEST Can They Hold Heavy Objects,3M Claw,13508
rzcl7XKq_Mg,https://www.youtube.com/watch?v=rzcl7XKq_Mg,Scotch Double Sided Tape Review!,Scotch,13086
jDH_oJMGP_4,https://www.youtube.com/watch?v=jDH_oJMGP_4,15 lb Capacity Command Hooks #commandhooks #wallhook #commandstrips,Command,12635
16JMdE-gMVM,https://www.youtube.com/watch?v=16JMdE-gMVM,Best Artificial Baits for Salt Water,3M Claw,12143
DBFhEoMVHsM,https://www.youtube.com/watch?v=DBFhEoMVHsM,Scotch Permanent Outdoor Mounting Tape Review for Mouting Acoustic Sound Foam! [4K],Scotch,11999
SBOV7Nyb3So,https://www.youtube.com/watch?v=SBOV7Nyb3So,Ultimate Painter's Tape SHOWDOWN: Find the Best Tape for Your Project,Scotch,11994
SPTwwbN2HDo,https://www.youtube.com/watch?v=SPTwwbN2HDo,"Command Strips Hooks for Lights | Indoor or Outdoor Use with 3M How to Install, Review & Removal",Command,11104
p1HXJCNiY60,https://www.youtube.com/watch?v=p1HXJCNiY60,The easiest way to hang things up!!! Love 3m Claw so much!!! #homedecor #homediy #eclectic,3M Claw,10939
44xh9C1P-3I,https://www.youtube.com/watch?v=44xh9C1P-3I,Hanging Pictures Made Easy with the 3M Claw #diy #diytools #tools #homedecoration,3M Claw,10820
KMPy704-UgE,https://www.youtube.com/watch?v=KMPy704-UgE,"Command hooks and Picture hanging strips, used and reviewed.",Command,10586
FbR1szrW6YE,https://www.youtube.com/watch?v=FbR1szrW6YE,How to use 3M Command Sticky Nails Photo Hanger / Universal Picture Hanger,Command,10463
QKPniJZAOrE,https://www.youtube.com/watch?v=QKPniJZAOrE,3M Scotch¬Æ Extreme Double-Sided Mounting Tape ‡∏û‡∏•‡∏±‡∏á‡∏Å‡∏≤‡∏£‡∏¢‡∏∂‡∏î‡∏ï‡∏¥‡∏î‡∏ó‡∏µ‡πà‡πÅ‡∏Ç‡πá‡∏á‡πÅ‡∏Å‡∏£‡πà‡∏á,Scotch,9666
0lO8iZHUel4,https://www.youtube.com/watch?v=0lO8iZHUel4,Strength Testing The Best Drywall Anchors,3M Claw,9452
Tf60O7s_1hQ,https://www.youtube.com/watch?v=Tf60O7s_1hQ,Anyone else tired of wall hooks that keep damaging your walls? The Command damage-free hook uses adh,Command,9373
krflOpx_H7M,https://www.youtube.com/watch?v=krflOpx_H7M,90 Second How-to & Review: 3M - Command Brand Damage Free Hanging - Clear Plastic Hooks,Command,8809
noHOnO00p8Q,https://www.youtube.com/watch?v=noHOnO00p8Q,Scotch Magic Tape Review - Honest Review,Scotch,8798
IJ5aea7G8Wc,https://www.youtube.com/watch?v=IJ5aea7G8Wc,3M Command Strips Mop & Broom Holder Review ‚Äì Worth It?,Command,8582
Lx2H-vEmxDY,https://www.youtube.com/watch?v=Lx2H-vEmxDY,Tim Cruise LOVES The 3M CLAW,3M Claw,8351
XFnzQwmynAs,https://www.youtube.com/watch?v=XFnzQwmynAs,3M Scotch Heavy Duty Mounting Tape Unboxing in 4K UltraHD,Scotch,8337
MpQ-NBzD49w,https://www.youtube.com/watch?v=MpQ-NBzD49w,3M Scotch¬Æ Extreme Double-Sided Mounting Tape ‡∏û‡∏•‡∏±‡∏á‡∏Å‡∏≤‡∏£‡∏¢‡∏∂‡∏î‡∏ï‡∏¥‡∏î‡∏ó‡∏µ‡πà‡πÅ‡∏Ç‡πá‡∏á‡πÅ‡∏Å‡∏£‡πà‡∏á,Scotch,8151
uvoU1e7CLzY,https://www.youtube.com/watch?v=uvoU1e7CLzY,Honest Review of this Scotch Shipping Tape Dispenser,Scotch,8117
6bL6lutWZls,https://www.youtube.com/watch?v=6bL6lutWZls,SCOTCH DOUBLE SIDED TAPE @ Dollar Tree #scotch #dollartree #dollartreehaul #namebrand,Scotch,8085
V6EYRAUpWIQ,https://www.youtube.com/watch?v=V6EYRAUpWIQ,3M Command Strip Shower Caddy Review ‚Äì Does It Really Hold?,Command,7059
kdWg_AC5RN4,https://www.youtube.com/watch?v=kdWg_AC5RN4,Stripped Drywall Anchor? I Tested 2 Fixes‚Ä¶The Winner SHOCKED Me!,3M Claw,6868
MAJczST-ygg,https://www.youtube.com/watch?v=MAJczST-ygg,3M Command Hooks - Can They Hold Curtain Rods? #shorts,Command,6841
3f1HcQj2850,https://www.youtube.com/watch?v=3f1HcQj2850,WallClaw Hammer-In Drywall Anchor,3M Claw,6269
46oijES5arQ,https://www.youtube.com/watch?v=46oijES5arQ,Scotch Heavy Duty Tape Dispenser Review üõ†Ô∏è Best Packing Tape Tool for Heavy Boxes!,Scotch,6062
ZPVViZqULWk,https://www.youtube.com/watch?v=ZPVViZqULWk,Scotch 3M VHB  Waterproof Double Sided Tape Review & Unboxing Sanka,Scotch,6019
EnIJh6WcjTE,https://www.youtube.com/watch?v=EnIJh6WcjTE,How to Use Claw Drywall Hangers | 3M Claw DIY Tutorial,3M Claw,5903
fnaVV9O0RHo,https://www.youtube.com/watch?v=fnaVV9O0RHo,10 Quick Winch Claw Tips!,3M Claw,5887
PWFP6Wjw7qo,https://www.youtube.com/watch?v=PWFP6Wjw7qo,How to Hang a Frame without Nails! - Command Strip Review and Demo,Command,5641
ws12tLMRKCQ,https://www.youtube.com/watch?v=ws12tLMRKCQ,Scotch vs Amazon Basics Packing Tape Comparison,Scotch,5568
ajOVps2P2tE,https://www.youtube.com/watch?v=ajOVps2P2tE,"2025 Swift Carrera 144 Walkround, Review & Comparison with our Elddis CV40",3M Claw,5323
4MxBshW4gAo,https://www.youtube.com/watch?v=4MxBshW4gAo,Pro-Level Gift Wrapping with 3M Scotch Permanent Double-Sided Tape!,Scotch,5100
GJuYkyqWbME,https://www.youtube.com/watch?v=GJuYkyqWbME,Scotch tape for watercolor. Will it work? #watercolour #watercolortips #watercolorhack #artsupplies,Scotch,4989
rXCD67bZBy4,https://www.youtube.com/watch?v=rXCD67bZBy4,3m Claw drywall anchors useless,3M Claw,4636
3TN-BebizVE,https://www.youtube.com/watch?v=3TN-BebizVE,How To Install The Wall Claw Drywall Anchors. Game Changer? (Detailed Directions and Review),3M Claw,4486
e1l0MtJQMCo,https://www.youtube.com/watch?v=e1l0MtJQMCo,Command 20 Lb XL Heavyweight Picture Hanging Strips Review?,Command,4447
u_ukApEogxs,https://www.youtube.com/watch?v=u_ukApEogxs,Unboxing:Scotch double sided tape applicator,Scotch,3800
DAYluUr0aDo,https://www.youtube.com/watch?v=DAYluUr0aDo,Scotch 3M - Double Sided Foam Tape,Scotch,3320
3f_wiipt0SE,https://www.youtube.com/watch?v=3f_wiipt0SE,Scotch Duct Tape vs Duck Tape,Scotch,3240
1S6WkBR-eT8,https://www.youtube.com/watch?v=1S6WkBR-eT8,Duct Tape vs Gaffer Tape vs Cloth Tape,Scotch,2939
F1KWzgSb57c,https://www.youtube.com/watch?v=F1KWzgSb57c,Best 3M Command Adhesive (and other Sticky) Products for your RV or Trailer ‚Äî Trailer Organization!,Command,2918
t4iUiHvMjRU,https://www.youtube.com/watch?v=t4iUiHvMjRU,Scotch Mount Clear Double Sided Mounting Tape 410H MED Review,Scotch,2858
AsNxaTmn_4k,https://www.youtube.com/watch?v=AsNxaTmn_4k,365 Days of DIY - The Hangman Bear Claw Really Grabs Ya,3M Claw,2856
G2bcsKJ2Ohs,https://www.youtube.com/watch?v=G2bcsKJ2Ohs,Transform Your Packaging Game with Scotch Heavy Duty Tape,Scotch,2742
xsm6fWCDoLs,https://www.youtube.com/watch?v=xsm6fWCDoLs,"REVIEW: Scotch-Mount Indoor Double-Sided Mounting White Tape,  3M Industrial Strength Adhesive",Scotch,2563
5ER_2YeE1Rc,https://www.youtube.com/watch?v=5ER_2YeE1Rc,"üåµ 10 Best Mounting Putties (Faber-Castell, Gorilla, and More)",Scotch,2238
fdclF_hOUHk,https://www.youtube.com/watch?v=fdclF_hOUHk,Best Way To Hang Heavy Things on Drywall. 3M Drywall Anchor Review.,3M Claw,2162
MEg2kZ3Zeqo,https://www.youtube.com/watch?v=MEg2kZ3Zeqo,3M CLAW‚Ñ¢ Plasterboard and Drywall Picture Hanger - HERO English Video (POTY),3M Claw,2107
EpjMsEEcYW0,https://www.youtube.com/watch?v=EpjMsEEcYW0,Hang Anything Heavy FAST! (Really Strong Hooks!),3M Claw,2084
6NjGAFBBT0E,https://www.youtube.com/watch?v=6NjGAFBBT0E,Wall Claw Drywall Anchors,3M Claw,1876
iYkwumvD5Ws,https://www.youtube.com/watch?v=iYkwumvD5Ws,3M Claw Heavyweight Drywall Picture Hanger,3M Claw,1847
4Ty9KMMc7Jc,https://www.youtube.com/watch?v=4Ty9KMMc7Jc,#diy the easiest hack to hanging artwork or mirrors. and the spot marker is actu,3M Claw,1693
Id1D6-wiO_Y,https://www.youtube.com/watch?v=Id1D6-wiO_Y,Frog Tape vs Scotch Delicate tape | Tape and caulk for straight Paint lines,Scotch,1680
JtnqrJyFj2U,https://www.youtube.com/watch?v=JtnqrJyFj2U,3M CLAW‚Ñ¢ Drywall Picture Hanger vs. Traditional Drywall Anchor.,3M Claw,1637
dnNMh2-YK7k,https://www.youtube.com/watch?v=dnNMh2-YK7k,Full review of Scotch wall safe tape,Scotch,1501
847dh87hrxY,https://www.youtube.com/watch?v=847dh87hrxY,Scotch Double Sided Tape,Scotch,1406
3Ugypvy6PMs,https://www.youtube.com/watch?v=3Ugypvy6PMs,"Drywall Anchors, How to Hang Heavy Pictures and Mirrors",3M Claw,1167
Qk2mo_ISWC0,https://www.youtube.com/watch?v=Qk2mo_ISWC0,BEST MOUNTING TAPE FOR PAINTED WALLS,Scotch,1022
zfJ_WS6zajc,https://www.youtube.com/watch?v=zfJ_WS6zajc,3M Scotch Extremely Strong Double Sided Mounting Tape,Scotch,1019
7uxHoi0Whus,https://www.youtube.com/watch?v=7uxHoi0Whus,"3M Scotch Extreme Double Sided Tape, 1m Holds 6.7kg, Works on Uneven Surfaces ll #fyp„Ç∑ #fyp",Scotch,1016
0nWnGzXlEiY,https://www.youtube.com/watch?v=0nWnGzXlEiY,üè† Home Improvement Helper: REVIEW 3M Scotch-Mount Indoor Mounting Tape,Scotch,946
s1K8a9Tk1pI,https://www.youtube.com/watch?v=s1K8a9Tk1pI,Painters Scotch blue tape versus green frogtape - part two,Scotch,757
1_FNhtMrFOs,https://www.youtube.com/watch?v=1_FNhtMrFOs,"Scotch Box Lock Packing Tape, Clear, Extreme Grip Moving Tape, 1.88 in x 1000 in Review",Scotch,744
gE_S9LeqpaQ,https://www.youtube.com/watch?v=gE_S9LeqpaQ,"3M CLAW Drywall Picture Hanger with Temporary Spot Marker, Holds 15 lbs, 6 Hangers, 6 Markers/Pack",3M Claw,734
YYtWVHFgBQQ,https://www.youtube.com/watch?v=YYtWVHFgBQQ,Scotch¬Æ Double-Sided Mounting Tape Projects - Home & Office Store Packaging,Scotch,722
Bv6rOD_O280,https://www.youtube.com/watch?v=Bv6rOD_O280,Scotch Heavy Duty Shipping Packaging Tape with Dispenser,Scotch,710
AGhkgwLopMk,https://www.youtube.com/watch?v=AGhkgwLopMk,Scotch Rough Surface Painter's Tape Review,Scotch,708
QlFtbcJWZ9I,https://www.youtube.com/watch?v=QlFtbcJWZ9I,Unleashing the Power of Scotch Vinyl 700 Electrical Tape: 3 Must-See Features!,Scotch,692
g9mo0SeTuXA,https://www.youtube.com/watch?v=g9mo0SeTuXA,"Unboxing Scotch Tough Duct Tape, No Residue, 1 88 Inch by 25 Yard",Scotch,684
jVQtxLEnpmM,https://www.youtube.com/watch?v=jVQtxLEnpmM,Best Adhesive For Hanging Mirrors 2022 | You Check On Amazon Today,Command,553
3hNZ3MwqyPo,https://www.youtube.com/watch?v=3hNZ3MwqyPo,"Top 5 Best Double Sided Tapes for Arts, Crafts, Photography, Scrapbooking Review in 2023",Scotch,550
SjMgTbDogd4,https://www.youtube.com/watch?v=SjMgTbDogd4,The Top 5 Best Auto Tape in 2025 - Must Watch Before Buying!,Scotch,480
2L7sWqmPm-Y,https://www.youtube.com/watch?v=2L7sWqmPm-Y,Top 5 Best Drywall Anchors Reviews of 2023,3M Claw,312
z4whmGZ-HkM,https://www.youtube.com/watch?v=z4whmGZ-HkM,Double Sided Mounting Tape,Scotch,294
gfULFCQmkOY,https://www.youtube.com/watch?v=gfULFCQmkOY,"üñºÔ∏è 3M CLAW 15, 25 and 45 lb. Drywall Picture Hanger | Best 3M Claw Drywall Picture Hangers üñºÔ∏è",3M Claw,211
3AptajVFJ_Y,https://www.youtube.com/watch?v=3AptajVFJ_Y,Double Sided Mounting Tape,Scotch,153
RZUUmm5voB0,https://www.youtube.com/watch?v=RZUUmm5voB0,The Top 5 Best Double Sided Tape in 2025 - Must Watch Before Buying!,Scotch,138
l-zOFF_xvWk,https://www.youtube.com/watch?v=l-zOFF_xvWk,Best Double Sided Tape for Heavy Duty Projects,Scotch,135
yJEo7OV9NwI,https://www.youtube.com/watch?v=yJEo7OV9NwI,"3M Claw Drywall Picture Hangers, 8 Hangers Amazon Review",3M Claw,134
9osBL0LDnsU,https://www.youtube.com/watch?v=9osBL0LDnsU,"Best way to hang a picture? 3M CLAW 15, 25 and 45 lb. Drywall Picture Hanger Variety Pack",3M Claw,92
iF1Se9C1elk,https://www.youtube.com/watch?v=iF1Se9C1elk,Scotch Extreme Double Sided Tape - 2025,Scotch,59
mDmy7WG8NCs,https://www.youtube.com/watch?v=mDmy7WG8NCs,3M Strips for Hanging Wall Art--Product Review,Command,31
AxktFi2jf_E,https://www.youtube.com/watch?v=AxktFi2jf_E,The Top 5 Best Wall Hanger in 2025 - Must Watch Before Buying!,Command,30
yBLylXf7ijs,https://www.youtube.com/watch?v=yBLylXf7ijs,The Top 5 Best Claw Hangers in 2025 - Must Watch Before Buying!,3M Claw,24
uUsMFvmIt38,https://www.youtube.com/watch?v=uUsMFvmIt38,Scotch 3M Scotch Extreme Double Sided Tape|| #jiawell #shortvideo #viralvideo,Scotch,22
1uZNleOkXlU,https://www.youtube.com/watch?v=1uZNleOkXlU,The Top 5 Best Permanent Tape in 2025 - Must Watch Before Buying!,Scotch,13
msiaV0Vnwms,https://www.youtube.com/watch?v=msiaV0Vnwms,"1500lbs Claw Hook 25inch Steel Log Lifting Tongs,Heavy Duty Grapple Timber Claw,Forestry Pliers Tree",3M Claw,1
